datetime;bateria;nf;cmca
2023-04-01 19:32:46;64;231;369
2023-04-01 20:02:45;64;229;371
2023-04-01 20:32:44;64;229;371
2023-04-01 21:02:47;64;230;370
2023-04-01 21:32:45;63;231;369
2023-04-01 22:02:44;64;230;370
2023-04-01 22:32:46;63;231;369
2023-04-01 23:02:45;63;231;369
2023-04-01 23:32:47;64;231;369
2023-04-02 00:02:45;64;230;370
2023-04-02 00:32:47;63;230;370
2023-04-02 01:02:45;63;230;370
2023-04-02 01:32:44;63;230;370
2023-04-02 02:02:47;63;232;368
2023-04-02 02:32:46;63;230;370
2023-04-02 03:02:45;63;230;370
2023-04-02 03:32:48;63;232;368
2023-04-02 04:02:47;63;232;368
2023-04-02 04:32:46;63;230;370
2023-04-02 05:02:45;63;231;369
2023-04-02 05:32:44;63;232;368
2023-04-02 06:02:48;63;232;368
2023-04-02 06:32:47;63;230;370
2023-04-02 07:02:45;63;232;368
2023-04-02 07:32:44;63;232;368
2023-04-02 08:02:47;63;232;368
2023-04-02 08:32:46;63;232;368
2023-04-02 09:02:50;63;232;368
2023-04-02 09:32:51;63;232;368
2023-04-02 10:02:54;63;231;369
2023-04-02 10:32:54;63;232;368
2023-04-02 11:02:56;63;231;369
2023-04-02 11:32:58;62;231;369
2023-04-02 12:02:57;62;231;369
2023-04-02 12:33:02;62;232;368
2023-04-02 13:02:58;62;232;368
2023-04-02 13:32:56;63;232;368
2023-04-02 14:03:00;62;232;368
2023-04-02 14:32:58;62;232;368
2023-04-02 15:02:56;62;232;368
2023-04-02 15:33:01;62;232;368
2023-04-02 16:03:00;63;231;369
2023-04-02 16:32:59;62;232;368
2023-04-02 17:02:55;63;232;368
2023-04-02 17:32:53;63;232;368
2023-04-02 18:02:51;62;231;369
2023-04-02 18:32:52;63;232;368
2023-04-02 19:02:52;62;232;368
2023-04-02 19:32:50;62;231;369
2023-04-02 20:02:48;62;231;369
2023-04-02 20:32:50;63;232;368
2023-04-02 21:02:47;63;232;368
2023-04-02 21:32:48;62;231;369
2023-04-02 22:02:49;63;233;367
2023-04-02 22:32:46;63;232;368
2023-04-02 23:02:47;63;233;367
2023-04-02 23:32:48;62;233;367
2023-04-03 00:02:48;62;232;368
2023-04-03 00:32:49;62;233;367
2023-04-03 01:02:50;62;233;367
2023-04-03 01:32:47;62;233;367
2023-04-03 02:02:48;62;232;368
2023-04-03 02:32:48;62;232;368
2023-04-03 03:02:49;62;231;369
2023-04-03 03:32:50;62;233;367
2023-04-03 04:02:46;62;231;369
2023-04-03 04:32:47;62;232;368
2023-04-03 05:02:48;62;233;367
2023-04-03 05:32:49;62;231;369
2023-04-03 06:02:49;62;232;368
2023-04-03 06:32:49;62;233;367
2023-04-03 07:02:50;62;233;367
2023-04-03 07:32:46;62;232;368
2023-04-03 08:02:47;62;233;367
2023-04-03 08:32:48;62;232;368
2023-04-03 09:02:50;62;234;366
2023-04-03 09:32:49;62;234;366
2023-04-03 10:02:53;62;234;366
2023-04-03 10:32:51;62;232;368
2023-04-03 11:02:52;62;234;366
2023-04-03 11:32:53;62;232;368
2023-04-03 12:02:57;61;234;366
2023-04-03 12:32:57;61;234;366
2023-04-03 13:02:55;62;234;366
2023-04-03 13:32:54;62;234;366
2023-04-03 14:02:52;61;232;368
2023-04-03 14:32:54;62;234;366
2023-04-03 15:02:51;61;234;366
2023-04-03 15:32:50;62;232;368
2023-04-03 16:02:46;62;234;366
2023-04-03 16:32:46;61;234;366
2023-04-03 17:02:46;62;232;368
2023-04-03 17:32:45;62;234;366
2023-04-03 18:02:49;61;232;368
2023-04-03 18:32:48;62;232;368
2023-04-03 19:02:46;62;233;367
2023-04-03 19:32:45;62;232;368
2023-04-03 20:02:48;62;233;367
2023-04-03 20:32:46;61;233;367
2023-04-03 21:02:44;62;232;368
2023-04-03 21:32:47;61;231;369
2023-04-03 22:02:45;61;227;373
2023-04-03 22:32:48;61;225;375
2023-04-03 23:02:46;61;222;378
2023-04-03 23:32:44;61;223;377
2023-04-04 00:02:46;62;222;378
2023-04-04 00:32:43;61;220;380
2023-04-04 01:02:45;61;219;381
2023-04-04 01:32:43;61;219;381
2023-04-04 02:02:46;61;220;380
2023-04-04 02:32:43;61;220;380
2023-04-04 03:02:46;61;220;380
2023-04-04 03:32:44;61;218;382
2023-04-04 04:02:46;61;218;382
2023-04-04 04:32:44;61;217;383
2023-04-04 05:02:46;61;219;381
2023-04-04 05:32:44;61;219;381
2023-04-04 06:02:46;61;217;383
2023-04-04 06:32:44;61;217;383
2023-04-04 07:02:47;61;219;381
2023-04-04 07:32:45;61;217;383
2023-04-04 08:02:48;61;218;382
2023-04-04 08:32:46;61;219;381
2023-04-04 09:02:45;61;219;381
2023-04-04 09:32:50;61;219;381
2023-04-04 10:02:49;61;218;382
2023-04-04 10:32:52;61;217;383
2023-04-04 11:02:51;61;218;382
2023-04-04 11:32:51;61;218;382
2023-04-04 12:02:53;61;219;381
2023-04-04 12:32:55;61;217;383
2023-04-04 13:02:57;61;219;381
2023-04-04 13:33:00;61;219;381
2023-04-04 14:02:18;61;219;381
2023-04-04 14:33:02;61;217;383
2023-04-04 15:02:55;61;219;381
2023-04-04 15:32:56;61;218;382
2023-04-04 16:02:54;61;220;380
2023-04-04 16:32:52;61;220;380
2023-04-04 17:02:54;61;218;382
2023-04-04 17:32:50;61;220;380
2023-04-04 18:02:51;61;220;380
2023-04-04 18:32:51;61;220;380
2023-04-04 19:02:49;61;218;382
2023-04-04 19:32:50;61;220;380
2023-04-04 20:02:45;61;220;380
2023-04-04 20:32:45;61;219;381
2023-04-04 21:02:48;61;219;381
2023-04-04 21:32:47;61;221;379
2023-04-04 22:02:46;61;220;380
2023-04-04 22:32:45;61;221;379
2023-04-04 23:02:48;61;219;381
2023-04-04 23:32:47;61;221;379
2023-04-05 00:02:45;61;219;381
2023-04-05 00:32:44;61;221;379
2023-04-05 01:02:47;61;221;379
2023-04-05 01:32:45;61;219;381
2023-04-05 02:02:47;61;221;379
2023-04-05 02:32:46;60;220;380
2023-04-05 03:02:44;61;221;379
2023-04-05 03:32:46;61;220;380
2023-04-05 04:02:43;61;221;379
2023-04-05 04:32:45;60;221;379
2023-04-05 05:02:47;61;220;380
2023-04-05 05:32:45;60;220;380
2023-04-05 06:02:47;61;221;379
2023-04-05 06:32:45;61;221;379
2023-04-05 07:02:43;61;220;380
2023-04-05 07:32:46;61;220;380
2023-04-05 08:02:44;61;220;380
2023-04-05 08:32:49;60;220;380
2023-04-05 09:02:51;60;222;378
2023-04-05 09:32:50;60;221;379
2023-04-05 10:02:50;60;222;378
2023-04-05 10:32:52;60;221;379
2023-04-05 11:02:55;60;221;379
2023-04-05 11:32:56;60;222;378
2023-04-05 12:02:58;60;222;378
2023-04-05 12:32:56;60;222;378
2023-04-05 13:02:58;60;222;378
2023-04-05 13:32:58;60;222;378
2023-04-05 14:02:58;60;222;378
2023-04-05 14:32:57;60;222;378
2023-04-05 15:02:57;60;221;379
2023-04-05 15:32:55;60;222;378
2023-04-05 16:02:56;60;222;378
2023-04-05 16:32:56;60;221;379
2023-04-05 17:02:55;60;221;379
2023-04-05 17:32:54;60;222;378
2023-04-05 18:02:52;60;221;379
2023-04-05 18:32:53;60;223;377
2023-04-05 19:02:52;60;221;379
2023-04-05 19:32:52;60;221;379
2023-04-05 20:02:51;60;221;379
2023-04-05 20:32:50;60;222;378
2023-04-05 21:02:48;60;223;377
2023-04-05 21:32:51;60;222;378
2023-04-05 22:02:49;60;222;378
2023-04-05 22:32:48;60;223;377
2023-04-05 23:02:50;60;222;378
2023-04-05 23:32:48;60;222;378
2023-04-06 00:02:50;60;223;377
2023-04-06 00:32:46;60;222;378
2023-04-06 01:02:47;60;224;376
2023-04-06 01:32:47;60;224;376
2023-04-06 02:02:47;60;224;376
2023-04-06 02:32:48;60;223;377
2023-04-06 03:02:47;60;224;376
2023-04-06 03:32:47;60;223;377
2023-04-06 04:02:48;60;223;377
2023-04-06 04:32:48;60;223;377
2023-04-06 05:02:49;59;224;376
2023-04-06 05:32:49;60;224;376
2023-04-06 06:02:49;59;224;376
2023-04-06 06:32:45;60;223;377
2023-04-06 07:02:49;59;223;377
2023-04-06 07:32:48;59;223;377
2023-04-06 08:02:48;59;223;377
2023-04-06 08:32:50;59;225;375
2023-04-06 09:02:51;59;223;377
2023-04-06 09:32:53;59;225;375
2023-04-06 10:02:53;59;224;376
2023-04-06 10:32:55;59;224;376
2023-04-06 11:02:53;59;225;375
2023-04-06 11:32:58;59;225;375
2023-04-06 12:02:55;59;224;376
2023-04-06 12:32:55;59;225;375
2023-04-06 13:02:56;59;224;376
2023-04-06 13:33:00;59;223;377
2023-04-06 14:02:59;59;225;375
2023-04-06 14:33:00;59;225;375
2023-04-06 15:03:02;59;224;376
2023-04-06 15:33:00;59;225;375
2023-04-06 16:03:02;59;225;375
2023-04-06 16:32:58;59;225;375
2023-04-06 17:02:54;59;225;375
2023-04-06 17:32:54;59;226;374
2023-04-06 18:02:53;59;224;376
2023-04-06 18:32:54;59;224;376
2023-04-06 19:02:50;59;226;374
2023-04-06 19:32:49;59;226;374
2023-04-06 20:02:52;59;224;376
2023-04-06 20:32:50;59;226;374
2023-04-06 21:02:48;59;225;375
2023-04-06 21:32:50;59;225;375
2023-04-06 22:02:48;59;226;374
2023-04-06 22:32:50;59;225;375
2023-04-06 23:02:48;59;225;375
2023-04-06 23:32:49;59;226;374
2023-04-07 00:02:46;59;226;374
2023-04-07 00:32:46;59;227;373
2023-04-07 01:02:46;59;225;375
2023-04-07 01:32:46;59;227;373
2023-04-07 02:02:46;59;225;375
2023-04-07 02:32:46;59;225;375
2023-04-07 03:02:45;59;227;373
2023-04-07 03:32:49;59;227;373
2023-04-07 04:02:48;59;227;373
2023-04-07 04:32:47;59;225;375
2023-04-07 05:02:46;59;227;373
2023-04-07 05:32:45;59;227;373
2023-04-07 06:02:48;59;225;375
2023-04-07 06:32:47;59;226;374
2023-04-07 07:02:45;59;226;374
2023-04-07 07:32:48;59;226;374
2023-04-07 08:02:47;59;226;374
2023-04-07 08:32:49;59;226;374
2023-04-07 09:02:55;59;227;373
2023-04-07 09:32:54;59;227;373
2023-04-07 10:02:53;59;227;373
2023-04-07 10:32:59;59;227;373
2023-04-07 11:02:58;59;228;372
2023-04-07 11:32:58;59;226;374
2023-04-07 12:02:59;59;228;372
2023-04-07 12:32:59;59;228;372
2023-04-07 13:02:59;59;228;372
2023-04-07 13:32:59;58;228;372
2023-04-07 14:03:01;59;227;373
2023-04-07 14:33:05;58;226;374
2023-04-07 15:03:04;58;227;373
2023-04-07 15:33:03;58;228;372
2023-04-07 16:03:02;58;226;374
2023-04-07 16:33:00;58;228;372
2023-04-07 17:03:00;58;228;372
2023-04-07 17:32:56;58;226;374
2023-04-07 18:02:55;59;228;372
2023-04-07 18:32:52;59;228;372
2023-04-07 19:02:52;59;228;372
2023-04-07 19:32:50;59;228;372
2023-04-07 20:02:48;59;227;373
2023-04-07 20:32:50;59;228;372
2023-04-07 21:02:48;59;227;373
2023-04-07 21:32:49;59;228;372
2023-04-07 22:02:47;59;227;373
2023-04-07 22:32:48;58;227;373
2023-04-07 23:02:49;59;227;373
2023-04-07 23:32:46;59;227;373
2023-04-08 00:02:47;59;227;373
2023-04-08 00:32:48;59;228;372
2023-04-08 01:02:47;59;228;372
2023-04-08 01:32:47;58;228;372
2023-04-08 02:02:47;58;229;371
2023-04-08 02:32:46;59;227;373
2023-04-08 03:02:44;59;228;372
2023-04-08 03:32:47;58;227;373
2023-04-08 04:02:45;59;228;372
2023-04-08 04:32:48;58;227;373
2023-04-08 05:02:46;58;228;372
2023-04-08 05:32:45;58;227;373
2023-04-08 06:02:47;59;227;373
2023-04-08 06:32:46;58;229;371
2023-04-08 07:02:44;58;227;373
2023-04-08 07:32:46;58;227;373
2023-04-08 08:02:45;58;229;371
2023-04-08 08:32:51;58;229;371
2023-04-08 09:02:52;58;228;372
2023-04-08 09:32:55;58;229;371
2023-04-08 10:02:55;58;228;372
2023-04-08 10:32:57;58;229;371
2023-04-08 11:02:59;58;228;372
2023-04-08 11:32:56;58;228;372
2023-04-08 12:02:59;58;229;371
2023-04-08 12:32:58;58;229;371
2023-04-08 13:02:58;57;230;370
2023-04-08 13:32:58;58;228;372
2023-04-08 14:02:58;58;228;372
2023-04-08 14:32:59;57;229;371
2023-04-08 15:03:00;58;230;370
2023-04-08 15:33:00;57;229;371
2023-04-08 16:03:00;57;228;372
2023-04-08 16:33:00;57;229;371
2023-04-08 17:02:59;58;228;372
2023-04-08 17:32:54;58;230;370
2023-04-08 18:02:51;58;230;370
2023-04-08 18:32:50;58;230;370
2023-04-08 19:02:49;58;228;372
2023-04-08 19:32:50;58;230;370
2023-04-08 20:02:46;58;230;370
2023-04-08 20:32:47;58;230;370
2023-04-08 21:02:47;58;229;371
2023-04-08 21:32:46;58;230;370
2023-04-08 22:02:46;58;229;371
2023-04-08 22:32:45;58;230;370
2023-04-08 23:02:48;58;228;372
2023-04-08 23:32:46;58;230;370
2023-04-09 00:02:44;58;229;371
2023-04-09 00:32:47;58;230;370
2023-04-09 01:02:44;58;230;370
2023-04-09 01:32:45;58;231;369
2023-04-09 02:02:43;57;229;371
2023-04-09 02:32:45;58;229;371
2023-04-09 03:02:47;58;229;371
2023-04-09 03:32:45;57;229;371
2023-04-09 04:02:47;58;230;370
2023-04-09 04:32:44;57;229;371
2023-04-09 05:02:46;58;229;371
2023-04-09 05:32:43;57;230;370
2023-04-09 06:02:44;57;230;370
2023-04-09 06:32:46;58;230;370
2023-04-09 07:02:43;57;229;371
2023-04-09 07:32:45;57;229;371
2023-04-09 08:02:47;57;229;371
2023-04-09 08:32:49;57;229;371
2023-04-09 09:02:54;57;231;369
2023-04-09 09:32:53;57;229;371
2023-04-09 10:02:58;57;231;369
2023-04-09 10:32:54;57;229;371
2023-04-09 11:02:57;57;230;370
2023-04-09 11:33:00;57;230;370
2023-04-09 12:03:01;57;230;370
2023-04-09 12:33:01;57;230;370
2023-04-09 13:02:58;57;229;371
2023-04-09 13:33:00;57;229;371
2023-04-09 14:03:03;57;231;369
2023-04-09 14:33:01;57;231;369
2023-04-09 15:03:02;57;229;371
2023-04-09 15:32:59;57;230;370
2023-04-09 16:03:00;57;229;371
2023-04-09 16:33:01;57;231;369
2023-04-09 17:02:59;57;230;370
2023-04-09 17:32:55;57;231;369
2023-04-09 18:02:52;57;229;371
2023-04-09 18:32:52;57;231;369
2023-04-09 19:02:52;57;230;370
2023-04-09 19:32:50;57;230;370
2023-04-09 20:02:47;57;232;368
2023-04-09 20:32:48;57;230;370
2023-04-09 21:02:49;57;230;370
2023-04-09 21:32:49;57;230;370
2023-04-09 22:02:45;57;232;368
2023-04-09 22:32:48;57;231;369
2023-04-09 23:02:48;57;230;370
2023-04-09 23:32:47;57;231;369
2023-04-10 00:02:45;57;232;368
2023-04-10 00:32:44;57;232;368
2023-04-10 01:02:46;57;231;369
2023-04-10 01:32:44;57;230;370
2023-04-10 02:02:46;57;231;369
2023-04-10 02:32:44;57;232;368
2023-04-10 03:02:47;57;232;368
2023-04-10 03:32:45;57;231;369
2023-04-10 04:02:48;57;232;368
2023-04-10 04:32:47;57;231;369
2023-04-10 05:02:45;57;231;369
2023-04-10 05:32:47;57;231;369
2023-04-10 06:02:45;57;232;368
2023-04-10 06:32:47;56;232;368
2023-04-10 07:02:45;56;232;368
2023-04-10 07:32:46;57;232;368
2023-04-10 08:02:44;56;232;368
2023-04-10 08:32:50;57;231;369
2023-04-10 09:02:51;56;231;369
2023-04-10 09:32:55;56;233;367
2023-04-10 10:02:57;56;233;367
2023-04-10 10:33:01;56;233;367
2023-04-10 11:03:01;56;232;368
2023-04-10 11:33:03;56;233;367
2023-04-10 12:03:01;56;233;367
2023-04-10 12:30:33;56;233;367
2023-04-10 13:03:20;56;231;369
2023-04-10 13:33:01;56;232;368
2023-04-10 14:03:03;56;233;367
2023-04-10 14:33:01;56;231;369
2023-04-10 15:03:04;56;231;369
2023-04-10 15:33:02;56;233;367
2023-04-10 16:03:00;56;233;367
2023-04-10 16:33:02;56;233;367
2023-04-10 17:02:56;56;233;367
2023-04-10 17:32:57;56;233;367
2023-04-10 18:02:55;56;233;367
2023-04-10 18:32:52;56;233;367
2023-04-10 19:02:51;56;233;367
2023-04-10 19:32:49;56;233;367
2023-04-10 20:02:47;56;232;368
2023-04-10 20:32:48;56;233;367
2023-04-10 21:02:48;56;233;367
2023-04-10 21:32:49;56;233;367
2023-04-10 22:02:49;55;232;368
2023-04-10 22:32:49;55;233;367
2023-04-10 23:02:48;55;233;367
2023-04-10 23:32:48;55;233;367
2023-04-11 00:02:48;56;233;367
2023-04-11 00:32:47;55;232;368
2023-04-11 01:02:46;55;232;368
2023-04-11 01:32:46;55;233;367
2023-04-11 02:02:45;55;233;367
2023-04-11 02:32:49;55;232;368
2023-04-11 03:02:47;55;232;368
2023-04-11 03:32:46;55;232;368
2023-04-11 04:02:45;55;233;367
2023-04-11 04:32:48;55;233;367
2023-04-11 05:02:46;55;232;368
2023-04-11 05:32:44;55;232;368
2023-04-11 06:02:47;55;233;367
2023-04-11 06:32:45;55;232;368
2023-04-11 07:02:47;55;232;368
2023-04-11 07:32:45;55;233;367
2023-04-11 08:02:44;55;232;368
2023-04-11 08:32:49;55;232;368
2023-04-11 09:02:54;55;232;368
2023-04-11 09:32:53;55;232;368
2023-04-11 10:02:58;55;232;368
2023-04-11 10:32:56;55;232;368
2023-04-11 11:03:01;55;233;367
2023-04-11 11:33:01;55;232;368
2023-04-11 12:03:00;55;233;367
2023-04-11 12:33:03;55;233;367
2023-04-11 13:03:02;55;233;367
2023-04-11 13:33:02;55;232;368
2023-04-11 14:03:03;55;233;367
2023-04-11 14:33:03;55;232;368
2023-04-11 15:03:04;55;232;368
2023-04-11 15:33:04;55;233;367
2023-04-11 16:03:03;55;233;367
2023-04-11 16:33:00;55;232;368
2023-04-11 17:03:01;55;232;368
2023-04-11 17:32:56;55;232;368
2023-04-11 18:02:56;55;233;367
2023-04-11 18:32:55;55;232;368
2023-04-11 19:02:52;55;233;367
2023-04-11 19:32:52;55;234;366
2023-04-11 20:02:52;55;232;368
2023-04-11 20:32:53;55;232;368
2023-04-11 21:02:52;55;234;366
2023-04-11 21:32:52;55;232;368
2023-04-11 22:02:51;54;234;366
2023-04-11 22:32:49;55;232;368
2023-04-11 23:02:48;54;232;368
2023-04-11 23:32:51;55;232;368
2023-04-12 00:02:49;55;233;367
2023-04-12 00:32:51;55;234;366
2023-04-12 01:02:49;55;232;368
2023-04-12 01:32:51;55;234;366
2023-04-12 02:02:48;55;233;367
2023-04-12 02:32:50;54;234;366
2023-04-12 03:02:47;54;234;366
2023-04-12 03:32:49;54;234;366
2023-04-12 04:02:49;54;234;366
2023-04-12 04:32:46;54;233;367
2023-04-12 05:02:46;54;233;367
2023-04-12 05:32:46;54;233;367
2023-04-12 06:02:47;54;235;365
2023-04-12 06:32:48;54;232;368
2023-04-12 07:02:50;54;235;365
2023-04-12 07:32:47;54;235;365
2023-04-12 08:02:48;54;233;367
2023-04-12 08:32:50;54;233;367
2023-04-12 09:02:51;54;235;365
2023-04-12 09:32:54;54;233;367
2023-04-12 10:02:54;54;235;365
2023-04-12 10:32:56;54;233;367
2023-04-12 11:02:59;54;235;365
2023-04-12 11:32:58;54;234;366
2023-04-12 12:02:56;54;234;366
2023-04-12 12:32:58;54;235;365
2023-04-12 13:02:56;54;234;366
2023-04-12 13:32:57;54;235;365
2023-04-12 14:02:58;54;235;365
2023-04-12 14:32:50;54;233;367
2023-04-12 15:02:52;54;235;365
2023-04-12 15:32:55;54;235;365
2023-04-12 16:02:51;54;234;366
2023-04-12 16:32:50;54;235;365
2023-04-12 17:02:48;54;236;364
2023-04-12 17:32:50;54;234;366
2023-04-12 18:02:46;54;236;364
2023-04-12 18:32:47;54;236;364
2023-04-12 19:02:47;54;234;366
2023-04-12 19:32:47;54;235;365
2023-04-12 20:02:46;54;235;365
2023-04-12 20:32:45;54;235;365
2023-04-12 21:02:48;54;237;363
2023-04-12 21:32:46;53;236;364
2023-04-12 22:02:43;54;237;363
2023-04-12 22:32:45;53;237;363
2023-04-12 23:02:47;54;235;365
2023-04-12 23:32:44;53;237;363
2023-04-13 00:02:45;54;237;363
2023-04-13 00:32:46;53;236;364
2023-04-13 01:02:42;53;235;365
2023-04-13 01:32:43;54;235;365
2023-04-13 02:02:43;54;235;365
2023-04-13 02:32:43;54;237;363
2023-04-13 03:02:44;54;235;365
2023-04-13 03:32:44;53;234;366
2023-04-13 04:02:44;53;235;365
2023-04-13 04:32:45;53;236;364
2023-04-13 05:02:45;53;235;365
2023-04-13 05:32:45;53;235;365
2023-04-13 06:02:45;53;235;365
2023-04-13 06:32:45;53;236;364
2023-04-13 07:02:45;53;237;363
2023-04-13 07:32:44;53;235;365
2023-04-13 08:02:44;53;235;365
2023-04-13 08:32:44;53;237;363
2023-04-13 09:02:46;53;235;365
2023-04-13 09:32:47;53;235;365
2023-04-13 10:02:48;53;237;363
2023-04-13 10:32:48;53;235;365
2023-04-13 11:02:48;53;236;364
2023-04-13 11:32:49;53;236;364
2023-04-13 12:02:51;53;237;363
2023-04-13 12:32:51;53;235;365
2023-04-13 13:02:52;53;235;365
2023-04-13 13:32:55;53;237;363
2023-04-13 14:02:51;53;237;363
2023-04-13 14:31:07;53;237;363
2023-04-13 15:03:05;53;237;363
2023-04-13 15:32:56;53;237;363
2023-04-13 16:02:54;53;235;365
2023-04-13 16:32:51;53;235;365
2023-04-13 17:02:52;53;237;363
2023-04-13 17:32:49;53;235;365
2023-04-13 18:02:49;53;235;365
2023-04-13 18:32:48;53;237;363
2023-04-13 19:02:46;53;235;365
2023-04-13 19:32:43;53;237;363
2023-04-13 20:02:45;53;236;364
2023-04-13 20:32:45;53;236;364
2023-04-13 21:02:42;53;237;363
2023-04-13 21:32:42;53;236;364
2023-04-13 22:02:43;53;238;362
2023-04-13 22:32:43;53;236;364
2023-04-13 23:02:43;53;238;362
2023-04-13 23:32:42;53;236;364
2023-04-14 00:02:42;53;238;362
2023-04-14 00:32:42;53;238;362
2023-04-14 01:02:41;53;238;362
2023-04-14 01:32:44;53;236;364
2023-04-14 02:02:42;53;236;364
2023-04-14 02:32:40;53;236;364
2023-04-14 03:02:42;53;238;362
2023-04-14 03:32:41;53;238;362
2023-04-14 04:02:44;53;238;362
2023-04-14 04:32:43;53;238;362
2023-04-14 05:02:42;53;238;362
2023-04-14 05:32:41;53;238;362
2023-04-14 06:02:44;53;236;364
2023-04-14 06:32:41;53;238;362
2023-04-14 07:02:39;53;238;362
2023-04-14 07:32:40;53;238;362
2023-04-14 08:02:43;53;238;362
2023-04-14 08:32:43;53;238;362
2023-04-14 09:02:44;53;238;362
2023-04-14 09:32:45;53;237;363
2023-04-14 10:02:48;53;237;363
2023-04-14 10:32:51;53;238;362
2023-04-14 11:02:51;53;236;364
2023-04-14 11:32:52;52;238;362
2023-04-14 12:02:53;52;237;363
2023-04-14 12:32:55;52;236;364
2023-04-14 13:02:54;53;236;364
2023-04-14 13:32:53;53;238;362
2023-04-14 14:02:53;52;236;364
2023-04-14 14:32:57;53;238;362
2023-04-14 15:02:56;53;237;363
2023-04-14 15:32:57;52;236;364
2023-04-14 16:02:57;52;237;363
2023-04-14 16:32:57;52;238;362
2023-04-14 17:02:55;53;238;362
2023-04-14 17:32:51;53;236;364
2023-04-14 18:02:47;53;238;362
2023-04-14 18:32:47;53;237;363
2023-04-14 19:02:46;53;238;362
2023-04-14 19:32:44;53;238;362
2023-04-14 20:02:46;52;238;362
2023-04-14 20:32:44;52;237;363
2023-04-14 21:02:45;52;237;363
2023-04-14 21:32:47;53;238;362
2023-04-14 22:02:45;52;238;362
2023-04-14 22:32:47;52;238;362
2023-04-14 23:02:45;53;237;363
2023-04-14 23:32:46;53;237;363
2023-04-15 00:02:43;53;237;363
2023-04-15 00:32:44;52;237;363
2023-04-15 01:02:44;52;238;362
2023-04-15 01:32:45;53;237;363
2023-04-15 02:02:45;53;237;363
2023-04-15 02:32:45;53;237;363
2023-04-15 03:02:44;53;237;363
2023-04-15 03:32:44;52;237;363
2023-04-15 04:02:44;52;238;362
2023-04-15 04:32:43;53;238;362
2023-04-15 05:02:42;52;238;362
2023-04-15 05:32:40;52;237;363
2023-04-15 06:02:43;53;238;362
2023-04-15 06:32:41;53;237;363
2023-04-15 07:02:40;52;237;363
2023-04-15 07:32:42;52;237;363
2023-04-15 08:02:41;52;237;363
2023-04-15 08:32:46;52;237;363
2023-04-15 09:02:44;53;238;362
2023-04-15 09:32:49;52;237;363
2023-04-15 10:02:51;52;239;361
2023-04-15 10:32:49;52;237;363
2023-04-15 11:02:51;52;237;363
2023-04-15 11:32:48;52;239;361
2023-04-15 12:02:52;52;239;361
2023-04-15 12:32:55;52;237;363
2023-04-15 13:02:54;52;239;361
2023-04-15 13:32:55;52;239;361
2023-04-15 14:02:57;52;239;361
2023-04-15 14:32:59;52;237;363
2023-04-15 15:02:57;52;239;361
2023-04-15 15:32:55;52;237;363
2023-04-15 16:02:57;52;237;363
2023-04-15 16:32:55;52;239;361
2023-04-15 17:02:52;52;239;361
2023-04-15 17:32:52;52;237;363
2023-04-15 18:02:49;52;237;363
2023-04-15 18:32:46;52;239;361
2023-04-15 19:02:46;52;237;363
2023-04-15 19:32:45;52;239;361
2023-04-15 20:02:48;52;239;361
2023-04-15 20:32:47;52;239;361
2023-04-15 21:02:46;52;239;361
2023-04-15 21:32:45;52;239;361
2023-04-15 22:02:48;52;238;362
2023-04-15 22:32:46;52;238;362
2023-04-15 23:02:44;52;237;363
2023-04-15 23:32:47;52;240;360
2023-04-16 00:02:45;52;238;362
2023-04-16 00:32:47;52;239;361
2023-04-16 01:02:44;52;240;360
2023-04-16 01:32:45;52;237;363
2023-04-16 02:02:42;52;239;361
2023-04-16 02:32:44;52;239;361
2023-04-16 03:02:45;52;239;361
2023-04-16 03:32:46;52;239;361
2023-04-16 04:02:43;52;238;362
2023-04-16 04:32:43;52;237;363
2023-04-16 05:02:44;52;239;361
2023-04-16 05:32:45;52;239;361
2023-04-16 06:02:45;52;237;363
2023-04-16 06:32:45;52;239;361
2023-04-16 07:02:41;52;239;361
2023-04-16 07:32:46;52;238;362
2023-04-16 08:02:41;52;239;361
2023-04-16 08:32:47;52;237;363
2023-04-16 09:02:46;52;239;361
2023-04-16 09:32:46;52;237;363
2023-04-16 10:02:50;52;239;361
2023-04-16 10:32:48;52;239;361
2023-04-16 11:02:50;52;239;361
2023-04-16 11:32:49;52;239;361
2023-04-16 12:02:53;52;238;362
2023-04-16 12:32:45;52;238;362
2023-04-16 13:02:50;52;237;363
2023-04-16 13:32:44;52;239;361
2023-04-16 14:02:47;52;237;363
2023-04-16 14:32:45;52;237;363
2023-04-16 15:02:46;52;237;363
2023-04-16 15:32:46;52;239;361
2023-04-16 16:02:48;52;237;363
2023-04-16 16:32:49;52;237;363
2023-04-16 17:02:49;52;237;363
2023-04-16 17:32:45;52;239;361
2023-04-16 18:02:48;52;239;361
2023-04-16 18:32:47;52;237;363
2023-04-16 19:02:45;52;237;363
2023-04-16 19:32:48;52;237;363
2023-04-16 20:02:45;52;239;361
2023-04-16 20:32:43;52;239;361
2023-04-16 21:02:45;52;238;362
2023-04-16 21:32:45;52;240;360
2023-04-16 22:02:41;52;240;360
2023-04-16 22:32:45;52;238;362
2023-04-16 23:02:40;51;240;360
2023-04-16 23:32:43;51;240;360
2023-04-17 00:02:41;52;238;362
2023-04-17 00:32:43;52;240;360
2023-04-17 01:02:41;52;240;360
2023-04-17 01:32:43;52;240;360
2023-04-17 02:02:41;52;238;362
2023-04-17 02:32:43;51;238;362
2023-04-17 03:02:41;51;239;361
2023-04-17 03:32:43;52;240;360
2023-04-17 04:02:40;51;239;361
2023-04-17 04:32:42;51;237;363
2023-04-17 05:02:39;51;237;363
2023-04-17 05:32:40;52;239;361
2023-04-17 06:02:41;51;237;363
2023-04-17 06:32:42;52;238;362
2023-04-17 07:02:38;51;237;363
2023-04-17 07:32:38;51;239;361
2023-04-17 08:02:39;51;239;361
2023-04-17 08:32:42;51;238;362
2023-04-17 09:02:45;51;240;360
2023-04-17 09:32:51;52;238;362
2023-04-17 10:02:51;52;240;360
2023-04-17 10:32:52;51;238;362
2023-04-17 11:02:54;51;238;362
2023-04-17 11:32:52;51;240;360
2023-04-17 12:02:55;51;240;360
2023-04-17 12:32:54;51;239;361
2023-04-17 13:02:53;51;240;360
2023-04-17 13:32:53;51;238;362
2023-04-17 14:02:57;51;239;361
2023-04-17 14:32:57;51;237;363
2023-04-17 15:02:57;51;239;361
2023-04-17 15:32:54;51;237;363
2023-04-17 16:02:55;51;239;361
2023-04-17 16:32:55;51;237;363
2023-04-17 17:02:54;51;239;361
2023-04-17 17:32:49;52;238;362
2023-04-17 18:02:46;51;239;361
2023-04-17 18:32:45;52;240;360
2023-04-17 19:02:47;51;240;360
2023-04-17 19:32:43;51;238;362
2023-04-17 20:02:44;51;240;360
2023-04-17 20:32:43;51;238;362
2023-04-17 21:02:42;51;238;362
2023-04-17 21:32:40;51;239;361
2023-04-17 22:02:43;51;238;362
2023-04-17 22:32:41;51;240;360
2023-04-17 23:02:44;51;240;360
2023-04-17 23:32:42;51;240;360
2023-04-18 00:02:40;51;240;360
2023-04-18 00:32:44;51;239;361
2023-04-18 01:02:43;51;239;361
2023-04-18 01:32:43;51;241;359
2023-04-18 02:02:43;51;240;360
2023-04-18 02:32:43;51;240;360
2023-04-18 03:02:43;51;239;361
2023-04-18 03:32:42;51;240;360
2023-04-18 04:02:40;51;240;360
2023-04-18 04:32:43;51;240;360
2023-04-18 05:02:40;51;238;362
2023-04-18 05:32:42;51;238;362
2023-04-18 06:02:38;51;240;360
2023-04-18 06:32:39;51;238;362
2023-04-18 07:02:39;51;238;362
2023-04-18 07:32:40;51;240;360
2023-04-18 08:02:40;51;238;362
2023-04-18 08:32:43;51;238;362
2023-04-18 09:02:46;51;239;361
2023-04-18 09:32:47;51;241;359
2023-04-18 10:02:48;51;241;359
2023-04-18 10:32:51;51;239;361
2023-04-18 11:02:50;51;241;359
