2023-1-5 12:26:45,PH:,4.344,ORP:,154.0,OD:,8.60,EC:,0.00,0,0.00,1.000,
2023-1-5 12:26:57,PH:,4.301,ORP:,156.8,OD:,8.62,EC:,0.69,0,0.00,1.000,
2023-1-5 12:27:9,PH:,4.273,ORP:,158.9,OD:,8.63,EC:,1.07,0,0.00,1.000,
2023-1-5 12:27:21,PH:,4.256,ORP:,161.0,OD:,8.65,EC:,1.27,0,0.00,1.000,
2023-1-5 12:27:33,PH:,4.242,ORP:,162.8,OD:,8.64,EC:,1.00,0,0.00,1.000,
2023-1-5 12:27:45,PH:,4.233,ORP:,165.0,OD:,8.68,EC:,1.19,0,0.00,1.000,
2023-1-5 12:27:57,PH:,4.224,ORP:,166.7,OD:,8.67,EC:,1.17,0,0.00,1.000,
2023-1-5 12:28:9,PH:,4.214,ORP:,168.4,OD:,8.66,EC:,1.47,0,0.00,1.000,
2023-1-5 12:28:21,PH:,4.206,ORP:,170.5,OD:,8.71,EC:,1.55,0,0.00,1.000,
2023-1-5 12:28:34,PH:,4.197,ORP:,172.4,OD:,8.70,EC:,1.45,0,0.00,1.000,
2023-1-5 12:28:46,PH:,4.191,ORP:,174.3,OD:,8.67,EC:,1.44,0,0.00,1.000,
2023-1-5 12:29:9,PH:,4.179,ORP:,177.1,OD:,8.65,EC:,0.00,0,0.00,1.000,
2023-1-5 12:29:37,PH:,4.165,ORP:,181.3,OD:,8.69,EC:,0.18,0,0.00,1.000,
2023-1-5 12:29:49,PH:,4.160,ORP:,182.7,OD:,8.68,EC:,1.38,0,0.00,1.000,
2023-1-5 12:30:1,PH:,4.154,ORP:,184.1,OD:,8.73,EC:,1.31,0,0.00,1.000,
2023-1-5 12:30:31,PH:,4.142,ORP:,188.1,OD:,8.69,EC:,0.00,0,0.00,1.000,
2023-1-5 12:30:43,PH:,4.138,ORP:,189.5,OD:,8.69,EC:,1.49,0,0.00,1.000,
2023-1-5 12:30:55,PH:,4.133,ORP:,191.1,OD:,8.69,EC:,1.54,0,0.00,1.000,
2023-1-5 12:31:7,PH:,4.128,ORP:,192.2,OD:,8.67,EC:,1.87,1,0.00,1.000,
2023-1-5 12:31:19,PH:,4.124,ORP:,193.6,OD:,8.69,EC:,1.77,0,0.00,1.000,
2023-1-5 12:31:31,PH:,4.121,ORP:,195.0,OD:,8.66,EC:,1.84,0,0.00,1.000,
2023-1-5 12:31:43,PH:,4.118,ORP:,196.5,OD:,8.68,EC:,1.76,0,0.00,1.000,
2023-1-5 12:31:55,PH:,4.115,ORP:,197.9,OD:,8.66,EC:,1.74,0,0.00,1.000,
2023-1-5 12:32:7,PH:,4.110,ORP:,199.1,OD:,8.68,EC:,1.66,0,0.00,1.000,
2023-1-5 12:32:19,PH:,4.109,ORP:,200.4,OD:,8.68,EC:,1.73,0,0.00,1.000,
2023-1-5 12:32:31,PH:,4.104,ORP:,201.8,OD:,8.70,EC:,1.81,0,0.00,1.000,
2023-1-5 12:32:43,PH:,4.102,ORP:,203.3,OD:,8.69,EC:,1.57,0,0.00,1.000,
2023-1-5 12:32:55,PH:,4.098,ORP:,204.8,OD:,8.71,EC:,1.33,0,0.00,1.000,
2023-1-5 12:33:7,PH:,4.097,ORP:,206.1,OD:,8.67,EC:,1.58,0,0.00,1.000,
2023-1-5 12:33:19,PH:,4.094,ORP:,207.4,OD:,8.69,EC:,1.47,0,0.00,1.000,
2023-1-5 12:33:31,PH:,4.089,ORP:,208.6,OD:,8.64,EC:,1.49,0,0.00,1.000,
2023-1-5 12:33:43,PH:,4.089,ORP:,209.6,OD:,8.68,EC:,2.12,1,0.00,1.000,
2023-1-5 12:33:55,PH:,4.087,ORP:,211.2,OD:,8.67,EC:,1.73,0,0.00,1.000,
2023-1-5 12:34:8,PH:,4.085,ORP:,212.6,OD:,8.66,EC:,1.76,0,0.00,1.000,
2023-1-5 12:34:20,PH:,4.085,ORP:,213.7,OD:,8.69,EC:,1.93,1,0.00,1.000,
2023-1-5 12:34:32,PH:,4.087,ORP:,214.8,OD:,8.70,EC:,1.94,1,0.00,1.000,
2023-1-5 12:34:44,PH:,4.085,ORP:,215.9,OD:,8.66,EC:,1.80,0,0.00,1.000,
2023-1-5 12:34:56,PH:,4.081,ORP:,217.0,OD:,8.65,EC:,1.90,1,0.00,1.000,
2023-1-5 12:35:8,PH:,4.082,ORP:,218.2,OD:,8.63,EC:,1.33,0,0.00,1.000,
2023-1-5 12:35:20,PH:,4.082,ORP:,219.2,OD:,8.66,EC:,1.65,0,0.00,1.000,
2023-1-5 12:35:32,PH:,4.083,ORP:,220.5,OD:,8.65,EC:,1.52,0,0.00,1.000,
2023-1-5 12:35:44,PH:,4.086,ORP:,221.6,OD:,8.71,EC:,1.38,0,0.00,1.000,
2023-1-5 12:35:56,PH:,4.084,ORP:,222.7,OD:,8.69,EC:,1.68,0,0.00,1.000,
2023-1-5 12:36:8,PH:,4.081,ORP:,223.5,OD:,8.66,EC:,1.60,0,0.00,1.000,
2023-1-5 12:36:20,PH:,4.081,ORP:,224.7,OD:,8.65,EC:,2.04,1,0.00,1.000,
2023-1-5 12:36:32,PH:,4.081,ORP:,225.9,OD:,8.68,EC:,1.82,0,0.00,1.000,
2023-1-5 12:37:5,PH:,4.077,ORP:,228.5,OD:,8.66,EC:,0.53,0,0.00,1.000,
2023-1-5 12:37:17,PH:,4.076,ORP:,229.7,OD:,8.67,EC:,1.83,0,0.00,1.000,
2023-1-5 12:37:29,PH:,4.073,ORP:,230.7,OD:,8.69,EC:,1.90,1,0.00,1.000,
2023-1-5 12:37:41,PH:,4.075,ORP:,231.6,OD:,8.70,EC:,1.76,0,0.00,1.000,
2023-1-5 12:37:53,PH:,4.072,ORP:,232.5,OD:,8.65,EC:,1.93,1,0.00,1.000,
2023-1-5 12:38:21,PH:,4.071,ORP:,234.7,OD:,8.68,EC:,0.52,0,0.00,1.000,
2023-1-5 12:38:33,PH:,4.068,ORP:,235.9,OD:,8.67,EC:,1.88,1,0.00,1.000,
2023-1-5 12:38:45,PH:,4.069,ORP:,237.0,OD:,8.62,EC:,1.87,1,0.00,1.000,
2023-1-5 12:42:43,PH:,4.663,ORP:,114.0,OD:,8.53,EC:,0.00,0,0.00,1.000,
2023-1-5 12:42:55,PH:,4.493,ORP:,119.2,OD:,8.56,EC:,0.02,0,0.00,1.000,
2023-1-5 12:43:15,PH:,4.353,ORP:,127.0,OD:,8.49,EC:,0.00,0,0.00,1.000,
2023-1-5 12:43:27,PH:,4.315,ORP:,130.8,OD:,8.47,EC:,1.60,0,0.00,1.000,
2023-1-5 12:43:39,PH:,4.281,ORP:,134.6,OD:,8.52,EC:,1.39,0,0.00,1.000,
2023-1-5 12:43:51,PH:,4.256,ORP:,138.4,OD:,8.56,EC:,1.42,0,0.00,1.000,
2023-1-5 12:44:3,PH:,4.238,ORP:,141.8,OD:,8.54,EC:,1.30,0,0.00,1.000,
2023-1-5 12:44:16,PH:,4.223,ORP:,144.8,OD:,8.53,EC:,1.20,0,0.00,1.000,
2023-1-5 12:44:28,PH:,4.214,ORP:,147.7,OD:,8.50,EC:,1.93,1,0.00,1.000,
2023-1-5 12:44:40,PH:,4.202,ORP:,150.3,OD:,8.55,EC:,1.42,0,0.00,1.000,
2023-1-5 12:44:52,PH:,4.194,ORP:,153.0,OD:,8.56,EC:,1.57,0,0.00,1.000,
2023-1-5 12:45:4,PH:,4.187,ORP:,155.7,OD:,8.56,EC:,1.58,0,0.00,1.000,
2023-1-5 12:45:16,PH:,4.176,ORP:,158.0,OD:,8.52,EC:,1.38,0,0.00,1.000,
2023-1-5 12:45:28,PH:,4.170,ORP:,160.4,OD:,8.49,EC:,1.39,0,0.00,1.000,
2023-1-5 12:45:40,PH:,4.164,ORP:,162.4,OD:,8.55,EC:,1.88,1,0.00,1.000,
2023-1-5 12:45:52,PH:,4.158,ORP:,164.9,OD:,8.52,EC:,1.58,0,0.00,1.000,
2023-1-5 12:46:4,PH:,4.151,ORP:,166.9,OD:,8.55,EC:,1.88,1,0.00,1.000,
2023-1-5 12:46:16,PH:,4.147,ORP:,169.0,OD:,8.56,EC:,1.61,0,0.00,1.000,
2023-1-5 12:46:28,PH:,4.141,ORP:,171.3,OD:,8.51,EC:,1.50,0,0.00,1.000,
2023-1-5 12:46:40,PH:,4.136,ORP:,173.3,OD:,8.53,EC:,1.43,0,0.00,1.000,
2023-1-5 12:46:52,PH:,4.130,ORP:,175.4,OD:,8.50,EC:,1.95,1,0.00,1.000,
2023-1-5 12:47:4,PH:,4.128,ORP:,177.0,OD:,8.47,EC:,1.76,0,0.00,1.000,
2023-1-5 12:47:16,PH:,4.123,ORP:,178.6,OD:,8.47,EC:,1.42,0,0.00,1.000,
2023-1-5 12:47:28,PH:,4.118,ORP:,180.5,OD:,8.51,EC:,1.50,0,0.00,1.000,
2023-1-5 12:47:40,PH:,4.116,ORP:,182.3,OD:,8.50,EC:,1.57,0,0.00,1.000,
2023-1-5 12:47:53,PH:,4.113,ORP:,183.8,OD:,8.52,EC:,1.44,0,0.00,1.000,
2023-1-5 12:48:5,PH:,4.109,ORP:,185.5,OD:,8.52,EC:,1.82,0,0.00,1.000,
2023-1-5 12:48:17,PH:,4.105,ORP:,187.3,OD:,8.53,EC:,1.79,0,0.00,1.000,
2023-1-5 12:48:29,PH:,4.101,ORP:,188.9,OD:,8.54,EC:,1.77,0,0.00,1.000,
2023-1-5 12:48:41,PH:,4.101,ORP:,190.7,OD:,8.49,EC:,1.57,0,0.00,1.000,
2023-1-5 12:48:53,PH:,4.097,ORP:,192.2,OD:,8.52,EC:,1.50,0,0.00,1.000,
2023-1-5 12:49:5,PH:,4.094,ORP:,193.9,OD:,8.49,EC:,1.88,1,0.00,1.000,
2023-1-5 12:49:17,PH:,4.092,ORP:,195.2,OD:,8.45,EC:,1.77,0,0.00,1.000,
2023-1-5 12:49:29,PH:,4.091,ORP:,196.8,OD:,8.54,EC:,1.61,0,0.00,1.000,
2023-1-5 12:49:41,PH:,4.090,ORP:,198.2,OD:,8.51,EC:,1.54,0,0.00,1.000,
2023-1-5 12:49:53,PH:,4.089,ORP:,199.5,OD:,8.48,EC:,1.74,0,0.00,1.000,
2023-1-5 12:50:5,PH:,4.088,ORP:,201.2,OD:,8.52,EC:,1.55,0,0.00,1.000,
2023-1-5 12:50:17,PH:,4.085,ORP:,202.7,OD:,8.50,EC:,2.14,1,0.00,1.000,
2023-1-5 12:50:29,PH:,4.084,ORP:,204.6,OD:,8.52,EC:,1.76,0,0.00,1.000,
2023-1-5 12:50:41,PH:,4.084,ORP:,205.8,OD:,8.52,EC:,1.80,0,0.00,1.000,
2023-1-5 12:50:53,PH:,4.083,ORP:,207.0,OD:,8.52,EC:,1.64,0,0.00,1.000,
2023-1-5 12:51:5,PH:,4.081,ORP:,208.6,OD:,8.54,EC:,1.61,0,0.00,1.000,
2023-1-5 12:51:17,PH:,4.079,ORP:,209.9,OD:,8.54,EC:,1.49,0,0.00,1.000,
2023-1-5 12:51:30,PH:,4.080,ORP:,211.2,OD:,8.56,EC:,1.88,1,0.00,1.000,
2023-1-5 12:51:42,PH:,4.079,ORP:,212.5,OD:,8.54,EC:,1.79,0,0.00,1.000,
2023-1-5 12:51:54,PH:,4.078,ORP:,213.5,OD:,8.54,EC:,1.68,0,0.00,1.000,
2023-1-5 12:52:6,PH:,4.076,ORP:,214.9,OD:,8.59,EC:,1.69,0,0.00,1.000,
2023-1-5 12:52:18,PH:,4.075,ORP:,216.1,OD:,8.55,EC:,1.61,0,0.00,1.000,
2023-1-5 12:52:30,PH:,4.075,ORP:,217.3,OD:,8.52,EC:,1.27,0,0.00,1.000,
2023-1-5 12:52:42,PH:,4.075,ORP:,218.5,OD:,8.57,EC:,2.18,1,0.00,1.000,
2023-1-5 12:52:54,PH:,4.073,ORP:,219.8,OD:,8.55,EC:,1.99,1,0.00,1.000,
2023-1-5 12:53:6,PH:,4.074,ORP:,220.9,OD:,8.46,EC:,1.82,0,0.00,1.000,
2023-1-5 12:53:18,PH:,4.072,ORP:,221.9,OD:,8.51,EC:,1.66,0,0.00,1.000,
2023-1-5 12:53:30,PH:,4.071,ORP:,223.0,OD:,8.50,EC:,1.63,0,0.00,1.000,
2023-1-5 12:53:42,PH:,4.072,ORP:,224.0,OD:,8.52,EC:,1.57,0,0.00,1.000,
2023-1-5 12:53:54,PH:,4.072,ORP:,225.2,OD:,8.55,EC:,2.04,1,0.00,1.000,
2023-1-5 12:54:6,PH:,4.073,ORP:,226.2,OD:,8.57,EC:,1.96,1,0.00,1.000,
2023-1-5 12:54:18,PH:,4.071,ORP:,227.3,OD:,8.52,EC:,2.03,1,0.00,1.000,
2023-1-5 12:54:30,PH:,4.072,ORP:,228.5,OD:,8.51,EC:,1.95,1,0.00,1.000,
2023-1-5 12:54:42,PH:,4.073,ORP:,229.8,OD:,8.53,EC:,1.71,0,0.00,1.000,
2023-1-5 12:54:54,PH:,4.070,ORP:,230.7,OD:,8.53,EC:,1.58,0,0.00,1.000,
2023-1-5 12:55:7,PH:,4.070,ORP:,231.7,OD:,8.52,EC:,2.22,1,0.00,1.000,
2023-1-5 12:55:19,PH:,4.070,ORP:,232.5,OD:,8.54,EC:,2.07,1,0.00,1.000,
2023-1-5 12:55:31,PH:,4.070,ORP:,233.4,OD:,8.49,EC:,1.74,0,0.00,1.000,
2023-1-5 12:55:43,PH:,4.069,ORP:,234.5,OD:,8.50,EC:,1.76,0,0.00,1.000,
2023-1-5 12:55:55,PH:,4.067,ORP:,235.7,OD:,8.49,EC:,1.74,0,0.00,1.000,
2023-1-5 12:56:7,PH:,4.067,ORP:,236.8,OD:,8.54,EC:,1.55,0,0.00,1.000,
2023-1-5 12:56:19,PH:,4.068,ORP:,238.0,OD:,8.51,EC:,1.65,0,0.00,1.000,
2023-1-5 12:56:31,PH:,4.066,ORP:,238.9,OD:,8.54,EC:,2.14,1,0.00,1.000,
2023-1-5 12:56:43,PH:,4.065,ORP:,239.8,OD:,8.53,EC:,1.74,0,0.00,1.000,
2023-1-5 12:56:55,PH:,4.064,ORP:,240.7,OD:,8.54,EC:,1.71,0,0.00,1.000,
2023-1-5 12:57:7,PH:,4.063,ORP:,241.4,OD:,8.57,EC:,1.88,1,0.00,1.000,
2023-1-5 12:57:19,PH:,4.067,ORP:,242.6,OD:,8.51,EC:,1.72,0,0.00,1.000,
2023-1-5 12:57:31,PH:,4.065,ORP:,243.5,OD:,8.48,EC:,1.45,0,0.00,1.000,
2023-1-5 12:57:43,PH:,4.067,ORP:,244.3,OD:,8.57,EC:,2.14,1,0.00,1.000,
2023-1-5 12:57:55,PH:,4.068,ORP:,245.2,OD:,8.52,EC:,1.85,1,0.00,1.000,
2023-1-5 12:58:7,PH:,4.067,ORP:,245.9,OD:,8.50,EC:,1.76,0,0.00,1.000,
2023-1-5 12:58:19,PH:,4.067,ORP:,246.8,OD:,8.51,EC:,1.95,1,0.00,1.000,
2023-1-5 12:58:31,PH:,4.070,ORP:,247.6,OD:,8.47,EC:,1.77,0,0.00,1.000,
2023-1-5 12:58:43,PH:,4.066,ORP:,248.4,OD:,8.53,EC:,1.60,0,0.00,1.000,
2023-1-5 12:58:56,PH:,4.067,ORP:,249.3,OD:,8.52,EC:,2.15,1,0.00,1.000,
2023-1-5 12:59:8,PH:,4.068,ORP:,250.2,OD:,8.52,EC:,2.09,1,0.00,1.000,
2023-1-5 12:59:20,PH:,4.067,ORP:,250.9,OD:,8.52,EC:,2.02,1,0.00,1.000,
2023-1-5 12:59:32,PH:,4.067,ORP:,251.8,OD:,8.49,EC:,1.77,0,0.00,1.000,
2023-1-5 12:59:44,PH:,4.067,ORP:,252.6,OD:,8.45,EC:,1.69,0,0.00,1.000,
2023-1-5 12:59:56,PH:,4.065,ORP:,253.5,OD:,8.55,EC:,1.50,0,0.00,1.000,
2023-1-5 13:0:8,PH:,4.068,ORP:,254.2,OD:,8.48,EC:,2.09,1,0.00,1.000,
2023-1-5 13:0:20,PH:,4.068,ORP:,255.1,OD:,8.51,EC:,1.98,1,0.00,1.000,
2023-1-5 13:0:32,PH:,4.068,ORP:,255.6,OD:,8.53,EC:,2.01,1,0.00,1.000,
2023-1-5 13:0:44,PH:,4.068,ORP:,256.3,OD:,8.52,EC:,1.77,0,0.00,1.000,
2023-1-5 13:0:56,PH:,4.071,ORP:,256.9,OD:,8.52,EC:,1.73,0,0.00,1.000,
2023-1-5 13:1:8,PH:,4.070,ORP:,257.7,OD:,8.53,EC:,2.09,1,0.00,1.000,
2023-1-5 13:1:20,PH:,4.070,ORP:,258.3,OD:,8.50,EC:,1.93,1,0.00,1.000,
2023-1-5 13:1:32,PH:,4.071,ORP:,259.0,OD:,8.53,EC:,1.93,1,0.00,1.000,
2023-1-5 13:1:44,PH:,4.071,ORP:,259.7,OD:,8.50,EC:,1.90,1,0.00,1.000,
2023-1-5 13:1:56,PH:,4.072,ORP:,260.6,OD:,8.50,EC:,1.53,0,0.00,1.000,
2023-1-5 13:2:8,PH:,4.069,ORP:,261.1,OD:,8.49,EC:,1.60,0,0.00,1.000,
2023-1-5 13:2:21,PH:,4.069,ORP:,261.8,OD:,8.52,EC:,2.15,1,0.00,1.000,
2023-1-5 13:2:33,PH:,4.071,ORP:,262.9,OD:,8.49,EC:,2.03,1,0.00,1.000,
2023-1-5 13:2:45,PH:,4.070,ORP:,263.4,OD:,8.44,EC:,1.98,1,0.00,1.000,
2023-1-5 13:2:57,PH:,4.069,ORP:,264.2,OD:,8.51,EC:,1.82,0,0.00,1.000,
2023-1-5 13:3:9,PH:,4.069,ORP:,264.9,OD:,8.53,EC:,1.68,0,0.00,1.000,
2023-1-5 13:3:21,PH:,4.068,ORP:,265.6,OD:,8.54,EC:,2.06,1,0.00,1.000,
2023-1-5 13:3:33,PH:,4.069,ORP:,266.5,OD:,8.52,EC:,2.07,1,0.00,1.000,
2023-1-5 13:3:45,PH:,4.069,ORP:,267.4,OD:,8.55,EC:,2.04,1,0.00,1.000,
2023-1-5 13:3:57,PH:,4.070,ORP:,268.0,OD:,8.57,EC:,1.98,1,0.00,1.000,
2023-1-5 13:4:9,PH:,4.071,ORP:,268.7,OD:,8.55,EC:,1.50,0,0.00,1.000,
2023-1-5 13:4:21,PH:,4.070,ORP:,269.3,OD:,8.55,EC:,1.55,0,0.00,1.000,
2023-1-5 13:4:33,PH:,4.072,ORP:,269.9,OD:,8.57,EC:,2.22,1,0.00,1.000,
2023-1-5 13:4:45,PH:,4.071,ORP:,270.5,OD:,8.52,EC:,2.06,1,0.00,1.000,
2023-1-5 13:4:57,PH:,4.071,ORP:,271.1,OD:,8.53,EC:,2.09,1,0.00,1.000,
2023-1-5 13:5:9,PH:,4.068,ORP:,271.6,OD:,8.50,EC:,1.77,0,0.00,1.000,
2023-1-5 13:5:21,PH:,4.069,ORP:,272.2,OD:,8.55,EC:,1.73,0,0.00,1.000,
2023-1-5 13:5:33,PH:,4.070,ORP:,272.7,OD:,8.54,EC:,1.74,0,0.00,1.000,
2023-1-5 13:5:45,PH:,4.072,ORP:,273.2,OD:,8.55,EC:,2.25,1,0.00,1.000,
2023-1-5 13:5:58,PH:,4.072,ORP:,273.9,OD:,8.56,EC:,2.07,1,0.00,1.000,
2023-1-5 13:6:10,PH:,4.072,ORP:,274.4,OD:,8.56,EC:,1.99,1,0.00,1.000,
2023-1-5 13:6:22,PH:,4.074,ORP:,274.8,OD:,8.57,EC:,1.91,1,0.00,1.000,
2023-1-5 13:6:34,PH:,4.074,ORP:,275.4,OD:,8.60,EC:,1.57,0,0.00,1.000,
2023-1-5 13:6:46,PH:,4.076,ORP:,275.8,OD:,8.57,EC:,1.77,0,0.00,1.000,
2023-1-5 13:6:58,PH:,4.075,ORP:,276.6,OD:,8.56,EC:,2.14,1,0.00,1.000,
2023-1-5 13:7:10,PH:,4.075,ORP:,276.9,OD:,8.55,EC:,2.07,1,0.00,1.000,
2023-1-5 13:7:22,PH:,4.074,ORP:,277.4,OD:,8.54,EC:,1.72,0,0.00,1.000,
2023-1-5 13:7:34,PH:,4.076,ORP:,278.1,OD:,8.57,EC:,1.85,1,0.00,1.000,
2023-1-5 13:7:46,PH:,4.077,ORP:,278.4,OD:,8.58,EC:,1.65,0,0.00,1.000,
2023-1-5 13:7:58,PH:,4.075,ORP:,279.1,OD:,8.58,EC:,1.65,0,0.00,1.000,
2023-1-5 13:8:10,PH:,4.075,ORP:,279.6,OD:,8.55,EC:,2.15,1,0.00,1.000,
2023-1-5 13:8:22,PH:,4.075,ORP:,280.0,OD:,8.58,EC:,1.93,1,0.00,1.000,
2023-1-5 13:8:34,PH:,4.073,ORP:,280.5,OD:,8.57,EC:,2.03,1,0.00,1.000,
2023-1-5 13:8:46,PH:,4.075,ORP:,281.0,OD:,8.57,EC:,1.55,0,0.00,1.000,
2023-1-5 13:8:58,PH:,4.075,ORP:,281.5,OD:,8.58,EC:,1.66,0,0.00,1.000,
2023-1-5 13:9:10,PH:,4.073,ORP:,282.1,OD:,8.54,EC:,2.27,1,0.00,1.000,
2023-1-5 13:9:22,PH:,4.075,ORP:,282.8,OD:,8.54,EC:,2.04,1,0.00,1.000,
2023-1-5 13:9:35,PH:,4.073,ORP:,283.3,OD:,8.56,EC:,1.91,1,0.00,1.000,
2023-1-5 13:9:47,PH:,4.073,ORP:,284.1,OD:,8.53,EC:,1.47,0,0.00,1.000,
2023-1-5 13:9:59,PH:,4.075,ORP:,284.4,OD:,8.59,EC:,1.65,0,0.00,1.000,
2023-1-5 13:10:11,PH:,4.076,ORP:,285.0,OD:,8.57,EC:,1.71,0,0.00,1.000,
2023-1-5 13:10:23,PH:,4.076,ORP:,285.6,OD:,8.57,EC:,2.06,1,0.00,1.000,
2023-1-5 13:10:35,PH:,4.074,ORP:,286.2,OD:,8.56,EC:,2.07,1,0.00,1.000,
2023-1-5 13:10:47,PH:,4.076,ORP:,286.4,OD:,8.62,EC:,1.91,1,0.00,1.000,
2023-1-5 13:10:59,PH:,4.077,ORP:,286.9,OD:,8.59,EC:,1.68,0,0.00,1.000,
2023-1-5 13:11:11,PH:,4.074,ORP:,287.3,OD:,8.55,EC:,1.68,0,0.00,1.000,
2023-1-5 13:11:23,PH:,4.074,ORP:,287.5,OD:,8.53,EC:,2.06,1,0.00,1.000,
2023-1-5 13:11:35,PH:,4.074,ORP:,288.2,OD:,8.55,EC:,2.06,1,0.00,1.000,
2023-1-5 13:11:47,PH:,4.076,ORP:,288.4,OD:,8.52,EC:,1.77,0,0.00,1.000,
2023-1-5 13:11:59,PH:,4.076,ORP:,289.0,OD:,8.56,EC:,1.57,0,0.00,1.000,
2023-1-5 13:12:11,PH:,4.077,ORP:,289.4,OD:,8.56,EC:,1.47,0,0.00,1.000,
2023-1-5 13:12:23,PH:,4.077,ORP:,289.8,OD:,8.55,EC:,2.01,1,0.00,1.000,
2023-1-5 13:12:35,PH:,4.078,ORP:,290.2,OD:,8.56,EC:,1.91,1,0.00,1.000,
2023-1-5 13:12:47,PH:,4.078,ORP:,290.8,OD:,8.54,EC:,1.87,1,0.00,1.000,
2023-1-5 13:13:0,PH:,4.077,ORP:,291.1,OD:,8.52,EC:,1.63,0,0.00,1.000,
2023-1-5 13:13:12,PH:,4.076,ORP:,291.7,OD:,8.56,EC:,2.11,1,0.00,1.000,
2023-1-5 13:13:24,PH:,4.074,ORP:,292.1,OD:,8.55,EC:,1.77,0,0.00,1.000,
2023-1-5 13:13:36,PH:,4.073,ORP:,292.6,OD:,8.58,EC:,1.98,1,0.00,1.000,
2023-1-5 13:13:48,PH:,4.075,ORP:,293.0,OD:,8.53,EC:,1.69,0,0.00,1.000,
2023-1-5 13:14:0,PH:,4.073,ORP:,293.4,OD:,8.53,EC:,1.47,0,0.00,1.000,
2023-1-5 13:14:12,PH:,4.073,ORP:,293.8,OD:,8.53,EC:,2.12,1,0.00,1.000,
2023-1-5 13:14:24,PH:,4.076,ORP:,294.1,OD:,8.53,EC:,1.76,0,0.00,1.000,
2023-1-5 13:14:36,PH:,4.075,ORP:,294.7,OD:,8.52,EC:,1.85,1,0.00,1.000,
2023-1-5 13:14:48,PH:,4.074,ORP:,295.0,OD:,8.55,EC:,1.73,0,0.00,1.000,
2023-1-5 13:15:0,PH:,4.076,ORP:,295.2,OD:,8.56,EC:,1.62,0,0.00,1.000,
2023-1-5 13:15:12,PH:,4.076,ORP:,295.6,OD:,8.55,EC:,2.01,1,0.00,1.000,
2023-1-5 13:15:24,PH:,4.076,ORP:,296.3,OD:,8.51,EC:,1.93,1,0.00,1.000,
2023-1-5 13:15:36,PH:,4.077,ORP:,296.4,OD:,8.52,EC:,1.71,0,0.00,1.000,
2023-1-5 13:15:48,PH:,4.077,ORP:,297.1,OD:,8.56,EC:,1.63,0,0.00,1.000,
2023-1-5 13:16:0,PH:,4.078,ORP:,297.4,OD:,8.56,EC:,1.91,1,0.00,1.000,
2023-1-5 13:16:13,PH:,4.077,ORP:,298.0,OD:,8.54,EC:,1.87,1,0.00,1.000,
2023-1-5 13:16:25,PH:,4.077,ORP:,298.2,OD:,8.56,EC:,1.65,0,0.00,1.000,
2023-1-5 13:16:37,PH:,4.079,ORP:,298.8,OD:,8.54,EC:,2.20,1,0.00,1.000,
2023-1-5 13:16:49,PH:,4.076,ORP:,299.1,OD:,8.55,EC:,1.91,1,0.00,1.000,
2023-1-5 13:17:1,PH:,4.077,ORP:,299.6,OD:,8.58,EC:,1.85,1,0.00,1.000,
2023-1-5 13:17:13,PH:,4.077,ORP:,300.1,OD:,8.54,EC:,1.69,0,0.00,1.000,
2023-1-5 13:17:25,PH:,4.078,ORP:,300.5,OD:,8.55,EC:,1.55,0,0.00,1.000,
2023-1-5 13:17:37,PH:,4.078,ORP:,301.0,OD:,8.54,EC:,2.07,1,0.00,1.000,
2023-1-5 13:17:49,PH:,4.079,ORP:,301.1,OD:,8.50,EC:,1.98,1,0.00,1.000,
2023-1-5 13:18:1,PH:,4.079,ORP:,301.6,OD:,8.52,EC:,1.98,1,0.00,1.000,
2023-1-5 13:18:13,PH:,4.081,ORP:,302.0,OD:,8.50,EC:,1.63,0,0.00,1.000,
2023-1-5 13:18:25,PH:,4.081,ORP:,302.3,OD:,8.52,EC:,1.65,0,0.00,1.000,
2023-1-5 13:18:37,PH:,4.080,ORP:,302.6,OD:,8.56,EC:,2.20,1,0.00,1.000,
2023-1-5 13:18:49,PH:,4.079,ORP:,302.9,OD:,8.53,EC:,1.93,1,0.00,1.000,
2023-1-5 13:19:1,PH:,4.081,ORP:,303.2,OD:,8.51,EC:,1.85,1,0.00,1.000,
2023-1-5 13:19:13,PH:,4.082,ORP:,303.3,OD:,8.56,EC:,1.82,0,0.00,1.000,
2023-1-5 13:19:25,PH:,4.082,ORP:,303.9,OD:,8.51,EC:,1.47,0,0.00,1.000,
2023-1-5 13:19:38,PH:,4.083,ORP:,304.2,OD:,8.51,EC:,2.03,1,0.00,1.000,
2023-1-5 13:19:50,PH:,4.082,ORP:,304.4,OD:,8.51,EC:,1.90,1,0.00,1.000,
2023-1-5 13:20:2,PH:,4.082,ORP:,304.7,OD:,8.51,EC:,1.95,1,0.00,1.000,
2023-1-5 13:20:14,PH:,4.083,ORP:,305.2,OD:,8.47,EC:,1.84,0,0.00,1.000,
2023-1-5 13:20:26,PH:,4.081,ORP:,305.4,OD:,8.50,EC:,1.44,0,0.00,1.000,
2023-1-5 13:20:38,PH:,4.084,ORP:,305.8,OD:,8.49,EC:,2.19,1,0.00,1.000,
2023-1-5 13:20:50,PH:,4.082,ORP:,306.0,OD:,8.45,EC:,1.99,1,0.00,1.000,
2023-1-5 13:21:2,PH:,4.082,ORP:,306.6,OD:,8.54,EC:,2.01,1,0.00,1.000,
2023-1-5 13:21:14,PH:,4.080,ORP:,306.7,OD:,8.53,EC:,1.63,0,0.00,1.000,
2023-1-5 13:21:26,PH:,4.081,ORP:,307.1,OD:,8.53,EC:,2.09,1,0.00,1.000,
2023-1-5 13:21:38,PH:,4.084,ORP:,307.1,OD:,8.46,EC:,1.99,1,0.00,1.000,
2023-1-5 13:21:50,PH:,4.084,ORP:,307.6,OD:,8.50,EC:,1.88,1,0.00,1.000,
2023-1-5 13:22:2,PH:,4.083,ORP:,307.9,OD:,8.51,EC:,1.79,0,0.00,1.000,
2023-1-5 13:22:14,PH:,4.083,ORP:,308.2,OD:,8.47,EC:,1.69,0,0.00,1.000,
2023-1-5 13:22:26,PH:,4.082,ORP:,308.6,OD:,8.51,EC:,1.52,0,0.00,1.000,
2023-1-5 13:22:38,PH:,4.083,ORP:,308.9,OD:,8.51,EC:,1.91,1,0.00,1.000,
2023-1-5 13:22:50,PH:,4.084,ORP:,309.2,OD:,8.45,EC:,1.93,1,0.00,1.000,
2023-1-5 13:23:3,PH:,4.085,ORP:,309.4,OD:,8.46,EC:,1.90,1,0.00,1.000,
2023-1-5 13:23:15,PH:,4.085,ORP:,309.6,OD:,8.52,EC:,1.57,0,0.00,1.000,
2023-1-5 13:23:27,PH:,4.086,ORP:,309.8,OD:,8.47,EC:,1.73,0,0.00,1.000,
2023-1-5 13:23:39,PH:,4.084,ORP:,310.3,OD:,8.49,EC:,2.18,1,0.00,1.000,
2023-1-5 13:23:51,PH:,4.084,ORP:,310.5,OD:,8.49,EC:,1.99,1,0.00,1.000,
2023-1-5 13:24:3,PH:,4.085,ORP:,310.8,OD:,8.51,EC:,2.07,1,0.00,1.000,
2023-1-5 13:24:15,PH:,4.083,ORP:,311.1,OD:,8.47,EC:,1.88,1,0.00,1.000,
2023-1-5 13:24:27,PH:,4.086,ORP:,311.3,OD:,8.49,EC:,1.65,0,0.00,1.000,
2023-1-5 13:24:39,PH:,4.087,ORP:,311.4,OD:,8.45,EC:,1.63,0,0.00,1.000,
2023-1-5 13:24:51,PH:,4.084,ORP:,311.7,OD:,8.47,EC:,2.06,1,0.00,1.000,
2023-1-5 13:25:3,PH:,4.086,ORP:,312.2,OD:,8.47,EC:,1.93,1,0.00,1.000,
2023-1-5 13:25:15,PH:,4.088,ORP:,312.3,OD:,8.49,EC:,1.69,0,0.00,1.000,
2023-1-5 13:25:27,PH:,4.086,ORP:,312.7,OD:,8.47,EC:,1.53,0,0.00,1.000,
2023-1-5 13:25:39,PH:,4.089,ORP:,313.0,OD:,8.49,EC:,1.47,0,0.00,1.000,
2023-1-5 13:25:51,PH:,4.090,ORP:,313.3,OD:,8.48,EC:,2.11,1,0.00,1.000,
2023-1-5 13:26:3,PH:,4.088,ORP:,313.5,OD:,8.46,EC:,1.96,1,0.00,1.000,
2023-1-5 13:26:15,PH:,4.088,ORP:,314.0,OD:,8.48,EC:,1.87,1,0.00,1.000,
2023-1-5 13:26:28,PH:,4.090,ORP:,314.0,OD:,8.43,EC:,1.74,0,0.00,1.000,
2023-1-5 13:26:40,PH:,4.089,ORP:,314.5,OD:,8.51,EC:,1.47,0,0.00,1.000,
2023-1-5 13:26:52,PH:,4.088,ORP:,314.9,OD:,8.50,EC:,2.19,1,0.00,1.000,
2023-1-5 13:27:4,PH:,4.088,ORP:,315.0,OD:,8.49,EC:,1.93,1,0.00,1.000,
2023-1-5 13:27:16,PH:,4.087,ORP:,315.5,OD:,8.51,EC:,1.74,0,0.00,1.000,
2023-1-5 13:27:28,PH:,4.086,ORP:,315.7,OD:,8.50,EC:,1.87,1,0.00,1.000,
2023-1-5 13:27:40,PH:,4.087,ORP:,315.9,OD:,8.47,EC:,1.55,0,0.00,1.000,
2023-1-5 13:27:52,PH:,4.090,ORP:,316.2,OD:,8.50,EC:,1.68,0,0.00,1.000,
2023-1-5 13:28:4,PH:,4.089,ORP:,316.7,OD:,8.51,EC:,2.01,1,0.00,1.000,
2023-1-5 13:28:16,PH:,4.090,ORP:,316.9,OD:,8.49,EC:,1.99,1,0.00,1.000,
2023-1-5 13:28:28,PH:,4.088,ORP:,317.2,OD:,8.53,EC:,1.88,1,0.00,1.000,
2023-1-5 13:28:40,PH:,4.088,ORP:,317.6,OD:,8.48,EC:,1.57,0,0.00,1.000,
2023-1-5 13:28:52,PH:,4.089,ORP:,317.7,OD:,8.50,EC:,1.65,0,0.00,1.000,
2023-1-5 13:29:4,PH:,4.090,ORP:,317.9,OD:,8.56,EC:,2.07,1,0.00,1.000,
2023-1-5 13:29:16,PH:,4.088,ORP:,318.1,OD:,8.54,EC:,1.84,0,0.00,1.000,
2023-1-5 13:29:28,PH:,4.091,ORP:,318.5,OD:,8.49,EC:,1.90,1,0.00,1.000,
2023-1-5 13:29:40,PH:,4.092,ORP:,318.4,OD:,8.50,EC:,1.60,0,0.00,1.000,
2023-1-5 13:29:52,PH:,4.091,ORP:,318.8,OD:,8.53,EC:,1.60,0,0.00,1.000,
2023-1-5 13:30:5,PH:,4.094,ORP:,319.1,OD:,8.53,EC:,2.11,1,0.00,1.000,
2023-1-5 13:30:17,PH:,4.093,ORP:,319.3,OD:,8.52,EC:,1.82,0,0.00,1.000,
2023-1-5 13:30:29,PH:,4.093,ORP:,319.6,OD:,8.50,EC:,2.01,1,0.00,1.000,
2023-1-5 13:30:41,PH:,4.092,ORP:,319.8,OD:,8.55,EC:,1.84,0,0.00,1.000,
2023-1-5 13:30:53,PH:,4.091,ORP:,319.9,OD:,8.54,EC:,1.65,0,0.00,1.000,
2023-1-5 13:31:5,PH:,4.091,ORP:,320.3,OD:,8.49,EC:,1.38,0,0.00,1.000,
2023-1-5 13:31:17,PH:,4.092,ORP:,320.4,OD:,8.52,EC:,1.93,1,0.00,1.000,
2023-1-5 13:31:29,PH:,4.095,ORP:,320.7,OD:,8.53,EC:,1.85,1,0.00,1.000,
2023-1-5 13:31:41,PH:,4.093,ORP:,320.6,OD:,8.51,EC:,1.77,0,0.00,1.000,
2023-1-5 13:31:53,PH:,4.094,ORP:,320.9,OD:,8.52,EC:,1.65,0,0.00,1.000,
2023-1-5 13:32:5,PH:,4.093,ORP:,321.1,OD:,8.49,EC:,1.60,0,0.00,1.000,
2023-1-5 13:32:17,PH:,4.094,ORP:,321.4,OD:,8.50,EC:,2.18,1,0.00,1.000,
2023-1-5 13:32:29,PH:,4.090,ORP:,321.8,OD:,8.52,EC:,1.88,1,0.00,1.000,
2023-1-5 13:32:41,PH:,4.090,ORP:,321.9,OD:,8.54,EC:,1.91,1,0.00,1.000,
2023-1-5 13:32:53,PH:,4.092,ORP:,321.8,OD:,8.50,EC:,1.71,0,0.00,1.000,
2023-1-5 13:33:5,PH:,4.091,ORP:,322.4,OD:,8.47,EC:,1.58,0,0.00,1.000,
2023-1-5 13:33:17,PH:,4.092,ORP:,322.6,OD:,8.54,EC:,1.90,1,0.00,1.000,
2023-1-5 13:33:30,PH:,4.093,ORP:,323.0,OD:,8.51,EC:,1.85,1,0.00,1.000,
2023-1-5 13:33:42,PH:,4.094,ORP:,323.0,OD:,8.43,EC:,1.91,1,0.00,1.000,
2023-1-5 13:33:54,PH:,4.096,ORP:,323.5,OD:,8.52,EC:,1.77,0,0.00,1.000,
2023-1-5 13:34:6,PH:,4.093,ORP:,323.7,OD:,8.50,EC:,1.57,0,0.00,1.000,
2023-1-5 13:34:18,PH:,4.093,ORP:,324.0,OD:,8.47,EC:,2.11,1,0.00,1.000,
2023-1-5 13:34:30,PH:,4.094,ORP:,324.2,OD:,8.48,EC:,1.87,1,0.00,1.000,
2023-1-5 13:34:42,PH:,4.096,ORP:,324.4,OD:,8.47,EC:,1.67,0,0.00,1.000,
2023-1-5 13:34:54,PH:,4.095,ORP:,324.4,OD:,8.48,EC:,1.74,0,0.00,1.000,
2023-1-5 13:35:6,PH:,4.094,ORP:,324.5,OD:,8.48,EC:,1.62,0,0.00,1.000,
2023-1-5 13:35:18,PH:,4.096,ORP:,324.9,OD:,8.49,EC:,1.44,0,0.00,1.000,
2023-1-5 13:35:30,PH:,4.096,ORP:,325.2,OD:,8.43,EC:,2.08,1,0.00,1.000,
2023-1-5 13:35:42,PH:,4.095,ORP:,325.4,OD:,8.48,EC:,1.91,1,0.00,1.000,
2023-1-5 13:35:54,PH:,4.095,ORP:,325.5,OD:,8.45,EC:,1.79,0,0.00,1.000,
2023-1-5 13:36:6,PH:,4.099,ORP:,325.8,OD:,8.49,EC:,1.66,0,0.00,1.000,
2023-1-5 13:36:18,PH:,4.098,ORP:,326.0,OD:,8.50,EC:,1.68,0,0.00,1.000,
2023-1-5 13:36:30,PH:,4.097,ORP:,326.2,OD:,8.50,EC:,2.15,1,0.00,1.000,
2023-1-5 13:36:42,PH:,4.099,ORP:,326.4,OD:,8.52,EC:,1.80,0,0.00,1.000,
2023-1-5 13:36:55,PH:,4.099,ORP:,326.5,OD:,8.47,EC:,1.71,0,0.00,1.000,
2023-1-5 13:37:7,PH:,4.100,ORP:,326.8,OD:,8.48,EC:,1.58,0,0.00,1.000,
2023-1-5 13:37:19,PH:,4.099,ORP:,327.0,OD:,8.47,EC:,1.66,0,0.00,1.000,
2023-1-5 13:37:31,PH:,4.099,ORP:,327.1,OD:,8.45,EC:,2.03,1,0.00,1.000,
2023-1-5 13:37:43,PH:,4.100,ORP:,327.3,OD:,8.49,EC:,1.93,1,0.00,1.000,
2023-1-5 13:37:55,PH:,4.100,ORP:,327.7,OD:,8.52,EC:,1.84,0,0.00,1.000,
2023-1-5 13:38:7,PH:,4.099,ORP:,327.7,OD:,8.55,EC:,1.73,0,0.00,1.000,
2023-1-5 13:38:19,PH:,4.100,ORP:,328.0,OD:,8.49,EC:,1.42,0,0.00,1.000,
2023-1-5 13:38:31,PH:,4.098,ORP:,328.2,OD:,8.52,EC:,2.03,1,0.00,1.000,
2023-1-5 13:38:43,PH:,4.100,ORP:,328.4,OD:,8.48,EC:,1.93,1,0.00,1.000,
2023-1-5 13:38:55,PH:,4.099,ORP:,328.4,OD:,8.53,EC:,1.41,0,0.00,1.000,
2023-1-5 13:39:7,PH:,4.100,ORP:,328.6,OD:,8.53,EC:,1.39,0,0.00,1.000,
2023-1-5 13:39:19,PH:,4.099,ORP:,328.9,OD:,8.55,EC:,1.90,1,0.00,1.000,
2023-1-5 13:39:31,PH:,4.101,ORP:,328.9,OD:,8.52,EC:,1.91,1,0.00,1.000,
2023-1-5 13:39:43,PH:,4.101,ORP:,329.3,OD:,8.50,EC:,1.84,0,0.00,1.000,
2023-1-5 13:39:55,PH:,4.102,ORP:,329.5,OD:,8.51,EC:,1.50,0,0.00,1.000,
2023-1-5 13:40:8,PH:,4.100,ORP:,329.6,OD:,8.52,EC:,1.49,0,0.00,1.000,
2023-1-5 13:40:20,PH:,4.103,ORP:,330.1,OD:,8.51,EC:,1.98,1,0.00,1.000,
2023-1-5 13:40:32,PH:,4.102,ORP:,330.0,OD:,8.49,EC:,1.85,1,0.00,1.000,
2023-1-5 13:40:44,PH:,4.101,ORP:,330.3,OD:,8.51,EC:,1.80,0,0.00,1.000,
2023-1-5 13:40:56,PH:,4.100,ORP:,330.5,OD:,8.52,EC:,1.76,0,0.00,1.000,
2023-1-5 13:41:8,PH:,4.102,ORP:,330.9,OD:,8.57,EC:,1.38,0,0.00,1.000,
2023-1-5 13:41:20,PH:,4.100,ORP:,330.8,OD:,8.51,EC:,1.46,0,0.00,1.000,
2023-1-5 13:41:32,PH:,4.100,ORP:,331.2,OD:,8.57,EC:,1.98,1,0.00,1.000,
2023-1-5 13:41:44,PH:,4.101,ORP:,331.4,OD:,8.53,EC:,1.77,0,0.00,1.000,
2023-1-5 13:41:56,PH:,4.102,ORP:,331.7,OD:,8.52,EC:,1.61,0,0.00,1.000,
2023-1-5 13:42:8,PH:,4.102,ORP:,331.9,OD:,8.57,EC:,1.60,0,0.00,1.000,
2023-1-5 13:42:20,PH:,4.102,ORP:,332.1,OD:,8.58,EC:,1.55,0,0.00,1.000,
2023-1-5 13:42:32,PH:,4.102,ORP:,332.3,OD:,8.61,EC:,2.14,1,0.00,1.000,
2023-1-5 13:42:44,PH:,4.103,ORP:,332.3,OD:,8.58,EC:,1.87,1,0.00,1.000,
2023-1-5 13:42:56,PH:,4.105,ORP:,332.5,OD:,8.53,EC:,1.82,0,0.00,1.000,
2023-1-5 13:43:8,PH:,4.105,ORP:,332.8,OD:,8.55,EC:,1.45,0,0.00,1.000,
2023-1-5 13:43:20,PH:,4.105,ORP:,332.9,OD:,8.56,EC:,1.35,0,0.00,1.000,
2023-1-5 13:43:32,PH:,4.105,ORP:,333.0,OD:,8.56,EC:,1.42,0,0.00,1.000,
2023-1-5 13:43:45,PH:,4.104,ORP:,333.2,OD:,8.52,EC:,1.88,1,0.00,1.000,
2023-1-5 13:43:57,PH:,4.105,ORP:,333.5,OD:,8.56,EC:,1.85,1,0.00,1.000,
2012-0-0 0:0:0,PH:,5.501,ORP:,206.1,OD:,8.59,EC:,0.00,0,0.00,1.000,
2012-0-0 0:0:0,PH:,5.442,ORP:,209.1,OD:,8.51,EC:,0.00,0,0.00,1.000,
2012-0-0 11:6:0,PH:,5.420,ORP:,211.7,OD:,8.54,EC:,0.00,0,0.00,1.000,
2012-0-0 11:6:0,PH:,5.406,ORP:,214.2,OD:,8.54,EC:,0.00,0,0.00,1.000,
2012-0-0 11:6:0,PH:,5.397,ORP:,216.4,OD:,8.48,EC:,0.00,0,0.00,1.000,
2012-0-0 11:6:0,PH:,5.390,ORP:,218.6,OD:,8.50,EC:,0.00,0,0.00,1.000,
2012-0-0 11:6:0,PH:,5.384,ORP:,220.6,OD:,8.50,EC:,0.00,0,0.00,1.000,
2012-0-0 11:6:0,PH:,5.378,ORP:,222.4,OD:,8.51,EC:,0.00,0,0.00,1.000,
2012-0-0 11:6:0,PH:,5.375,ORP:,224.3,OD:,8.56,EC:,0.00,0,0.00,1.000,
2000-1-1 0:0:0,PH:,4.958,ORP:,177.3,OD:,8.58,EC:,0.00,0,0.00,1.000,
2000-1-1 0:0:0,PH:,4.932,ORP:,184.6,OD:,8.57,EC:,0.00,0,0.00,1.000,
2000-1-1 0:0:0,PH:,4.913,ORP:,191.8,OD:,8.64,EC:,0.00,0,0.00,1.000,
2000-1-1 0:0:0,PH:,4.885,ORP:,204.5,OD:,8.63,EC:,0.00,0,0.00,1.000,
2000-1-1 0:0:0,PH:,4.851,ORP:,219.3,OD:,8.63,EC:,0.00,0,0.00,1.000,
2000-1-1 0:0:0,PH:,4.828,ORP:,228.8,OD:,8.60,EC:,0.00,0,0.00,1.000,
2000-1-1 0:0:0,PH:,4.817,ORP:,234.3,OD:,8.57,EC:,0.00,0,0.00,1.000,
2000-1-1 0:0:0,PH:,4.805,ORP:,240.0,OD:,8.60,EC:,0.00,0,0.00,1.000,
2023-2-14 18:6:6,PH:,4.784,ORP:,249.7,OD:,8.62,EC:,0.00,0,0.00,1.000,
2023-2-14 18:6:18,PH:,4.777,ORP:,254.4,OD:,8.65,EC:,0.00,0,0.00,1.000,
2023-2-14 18:6:43,PH:,4.759,ORP:,263.0,OD:,8.56,EC:,0.00,0,0.00,1.000,
2023-2-14 18:6:55,PH:,4.755,ORP:,267.5,OD:,8.59,EC:,0.00,0,0.00,1.000,
2023-2-14 18:7:7,PH:,4.749,ORP:,271.4,OD:,8.65,EC:,0.00,0,0.00,1.000,
2023-2-14 18:7:19,PH:,4.746,ORP:,275.0,OD:,8.62,EC:,0.00,0,0.00,1.000,
2023-2-14 18:7:31,PH:,4.742,ORP:,278.4,OD:,8.61,EC:,0.00,0,0.00,1.000,
2023-2-14 18:7:43,PH:,4.738,ORP:,281.9,OD:,8.62,EC:,0.00,0,0.00,1.000,
2023-2-14 18:7:56,PH:,4.737,ORP:,285.3,OD:,8.64,EC:,0.00,0,0.00,1.000,
2023-2-14 18:8:8,PH:,4.733,ORP:,288.2,OD:,8.60,EC:,0.00,0,0.00,1.000,
2023-2-14 18:8:20,PH:,4.728,ORP:,291.4,OD:,8.65,EC:,0.00,0,0.00,1.000,
2023-2-15 19:12:55,PH:,4.986,ORP:,346.0,OD:,8.64,EC:,0.00,0,0.00,1.000,
2023-2-15 19:13:7,PH:,4.986,ORP:,347.0,OD:,8.65,EC:,0.00,0,0.00,1.000,
2023-2-15 19:13:20,PH:,4.982,ORP:,347.8,OD:,8.70,EC:,0.00,0,0.00,1.000,
2023-2-15 19:13:32,PH:,4.982,ORP:,348.5,OD:,8.68,EC:,0.00,0,0.00,1.000,
2023-2-15 19:13:44,PH:,4.980,ORP:,349.4,OD:,8.73,EC:,0.00,0,0.00,1.000,
2023-2-15 19:13:57,PH:,4.981,ORP:,350.1,OD:,8.72,EC:,0.00,0,0.00,1.000,
2023-2-15 19:14:9,PH:,4.979,ORP:,350.8,OD:,8.70,EC:,0.00,0,0.00,1.000,
2023-2-15 19:14:21,PH:,4.979,ORP:,351.4,OD:,8.73,EC:,0.00,0,0.00,1.000,
2023-2-15 19:14:34,PH:,4.982,ORP:,351.9,OD:,8.75,EC:,0.00,0,0.00,1.000,
2023-2-15 19:14:46,PH:,4.981,ORP:,352.4,OD:,8.70,EC:,0.00,0,0.00,1.000,
2023-2-15 19:14:58,PH:,4.978,ORP:,353.0,OD:,8.74,EC:,0.00,0,0.00,1.000,
2023-2-15 19:15:11,PH:,4.980,ORP:,353.8,OD:,8.72,EC:,0.00,0,0.00,1.000,
2023-2-15 19:15:23,PH:,4.982,ORP:,354.5,OD:,8.72,EC:,0.00,0,0.00,1.000,
2023-2-15 19:15:35,PH:,4.980,ORP:,355.2,OD:,8.78,EC:,0.00,0,0.00,1.000,
2023-2-15 19:15:48,PH:,4.982,ORP:,355.8,OD:,8.78,EC:,0.00,0,0.00,1.000,
2023-2-15 19:16:0,PH:,4.981,ORP:,356.4,OD:,8.75,EC:,0.00,0,0.00,1.000,
2023-2-15 19:16:12,PH:,4.983,ORP:,357.1,OD:,8.66,EC:,0.00,0,0.00,1.000,
2023-2-15 19:16:25,PH:,4.984,ORP:,357.6,OD:,8.70,EC:,0.00,0,0.00,1.000,
2023-2-15 19:16:37,PH:,4.985,ORP:,358.1,OD:,8.71,EC:,0.00,0,0.00,1.000,
2023-2-15 19:16:49,PH:,4.989,ORP:,358.5,OD:,8.73,EC:,0.00,0,0.00,1.000,
2023-2-15 19:17:2,PH:,4.989,ORP:,359.0,OD:,8.70,EC:,0.00,0,0.00,1.000,
2023-2-15 19:17:14,PH:,4.989,ORP:,359.6,OD:,8.73,EC:,0.00,0,0.00,1.000,
2023-2-15 19:17:26,PH:,4.989,ORP:,360.2,OD:,8.70,EC:,0.00,0,0.00,1.000,
2023-2-15 19:17:39,PH:,4.989,ORP:,360.6,OD:,8.73,EC:,0.00,0,0.00,1.000,
2023-2-15 19:17:51,PH:,4.989,ORP:,360.9,OD:,8.75,EC:,0.00,0,0.00,1.000,
2023-2-15 19:18:25,-- ::,PH:,4.989,ORP:,362.6,OD:,8.67,EC:,0.00,0,0.00,1.000,
2023-2-15 19:18:37,-- ::,PH:,4.986,ORP:,363.2,OD:,8.68,EC:,0.00,0,0.00,1.000,
2023-2-15 19:18:49,-- ::,PH:,4.989,ORP:,363.7,OD:,8.74,EC:,0.00,0,0.00,1.000,
2023-2-15 19:19:14,-- ::,PH:,4.992,ORP:,364.9,OD:,8.77,EC:,0.00,0,0.00,1.000,
2023-2-15 19:19:30,-- ::,PH:,4.989,ORP:,365.6,OD:,8.70,EC:,0.00,0,0.00,1.000,
2023-2-15 19:19:45,-- ::,PH:,4.990,ORP:,366.1,OD:,8.74,EC:,0.00,0,0.00,1.000,
2023-2-15 19:20:20,-- ::,PH:,4.995,ORP:,367.3,OD:,8.69,EC:,0.00,0,0.00,1.000,
2023-2-15 19:20:35,-- ::,PH:,4.993,ORP:,367.8,OD:,8.72,EC:,0.00,0,0.00,1.000,
2023-2-15 19:20:51,-- ::,PH:,4.994,ORP:,368.1,OD:,8.73,EC:,0.00,0,0.00,1.000,
2023-2-15 19:21:7,-- ::,PH:,4.998,ORP:,368.8,OD:,8.72,EC:,0.00,0,0.00,1.000,
2023-2-15 19:21:41,-- ::,PH:,4.995,ORP:,369.9,OD:,8.75,EC:,0.00,0,0.00,1.000,
2023-2-15 19:21:58,-- ::,PH:,4.995,ORP:,370.7,OD:,8.69,EC:,0.00,0,0.00,1.000,
2023-2-15 19:22:16,-- ::,PH:,4.999,ORP:,371.2,OD:,8.70,EC:,0.00,0,0.00,1.000,
2023-2-15 19:22:33,-- ::,PH:,5.004,ORP:,371.6,OD:,8.70,EC:,0.00,0,0.00,1.000,
2023-2-15 19:22:51,-- ::,PH:,5.009,ORP:,372.2,OD:,8.76,EC:,0.00,0,0.00,1.000,
2023-2-15 19:23:22,-- ::,PH:,5.008,ORP:,373.2,OD:,8.71,EC:,0.00,0,0.00,1.000,
2023-2-15 19:23:44,-- ::,PH:,5.008,ORP:,373.7,OD:,8.71,EC:,0.00,0,0.00,1.000,
2023-2-15 19:24:7,-- ::,PH:,5.013,ORP:,374.1,OD:,8.69,EC:,0.00,0,0.00,1.000,
2023-2-15 19:24:29,-- ::,PH:,5.018,ORP:,374.7,OD:,8.69,EC:,0.00,0,0.00,1.000,
2023-2-15 19:24:52,-- ::,PH:,5.018,ORP:,375.4,OD:,8.66,EC:,0.00,0,0.00,1.000,
2023-2-15 19:25:14,-- ::,PH:,5.018,ORP:,375.9,OD:,8.71,EC:,0.00,0,0.00,1.000,
2023-2-15 19:25:37,-- ::,PH:,5.020,ORP:,376.5,OD:,8.66,EC:,0.00,0,0.00,1.000,
2023-2-15 19:25:59,-- ::,PH:,5.023,ORP:,376.8,OD:,8.66,EC:,0.00,0,0.00,1.000,
2023-2-15 19:26:22,-- ::,PH:,5.022,ORP:,377.5,OD:,8.68,EC:,0.00,0,0.00,1.000,
2023-2-15 19:26:44,-- ::,PH:,5.023,ORP:,378.1,OD:,8.67,EC:,0.00,0,0.00,1.000,
2023-2-15 19:27:7,-- ::,PH:,5.024,ORP:,378.8,OD:,8.66,EC:,0.00,0,0.00,1.000,
2023-2-15 19:27:30,-- ::,PH:,5.023,ORP:,379.6,OD:,8.71,EC:,0.00,0,0.00,1.000,
2023-2-15 19:27:52,-- ::,PH:,5.026,ORP:,379.9,OD:,8.73,EC:,0.00,0,0.00,1.000,
2023-2-15 19:28:15,-- ::,PH:,5.026,ORP:,380.5,OD:,8.70,EC:,0.00,0,0.00,1.000,
2023-2-15 19:28:37,-- ::,PH:,5.026,ORP:,381.1,OD:,8.67,EC:,0.00,0,0.00,1.000,
2023-2-15 19:29:0,-- ::,PH:,5.028,ORP:,381.9,OD:,8.71,EC:,0.00,0,0.00,1.000,
2023-2-15 19:29:22,-- ::,PH:,5.026,ORP:,382.4,OD:,8.69,EC:,0.00,0,0.00,1.000,
2023-2-15 19:29:45,-- ::,PH:,5.030,ORP:,382.7,OD:,8.70,EC:,0.00,0,0.00,1.000,
2023-2-15 19:30:7,-- ::,PH:,5.033,ORP:,383.1,OD:,8.75,EC:,0.00,0,0.00,1.000,
2023-2-15 19:30:30,-- ::,PH:,5.038,ORP:,383.6,OD:,8.73,EC:,0.00,0,0.00,1.000,
2023-2-15 19:30:52,-- ::,PH:,5.040,ORP:,384.2,OD:,8.73,EC:,0.00,0,0.00,1.000,
2023-2-15 19:31:15,-- ::,PH:,5.043,ORP:,384.6,OD:,8.68,EC:,0.00,0,0.00,1.000,
2023-2-15 19:31:37,-- ::,PH:,5.043,ORP:,385.1,OD:,8.70,EC:,0.00,0,0.00,1.000,
2023-2-15 19:32:0,-- ::,PH:,5.042,ORP:,385.4,OD:,8.63,EC:,0.00,0,0.00,1.000,
2023-2-15 19:32:22,-- ::,PH:,5.046,ORP:,386.1,OD:,8.66,EC:,0.00,0,0.00,1.000,
2023-2-15 19:32:45,-- ::,PH:,5.045,ORP:,386.4,OD:,8.66,EC:,0.00,0,0.00,1.000,
2023-2-15 19:33:7,-- ::,PH:,5.044,ORP:,386.7,OD:,8.66,EC:,0.00,0,0.00,1.000,
2023-2-15 19:33:30,-- ::,PH:,5.047,ORP:,387.6,OD:,8.64,EC:,0.00,0,0.00,1.000,
2023-2-15 19:33:52,-- ::,PH:,5.048,ORP:,387.7,OD:,8.67,EC:,0.00,0,0.00,1.000,
2023-2-15 19:34:15,-- ::,PH:,5.048,ORP:,388.3,OD:,8.64,EC:,0.00,0,0.00,1.000,
2023-2-15 19:34:38,-- ::,PH:,5.049,ORP:,388.6,OD:,8.69,EC:,0.00,0,0.00,1.000,
2023-2-15 19:35:0,-- ::,PH:,5.049,ORP:,389.1,OD:,8.65,EC:,0.00,0,0.00,1.000,
2023-2-15 19:35:23,-- ::,PH:,5.047,ORP:,389.6,OD:,8.66,EC:,0.00,0,0.00,1.000,
2023-2-15 19:35:45,-- ::,PH:,5.045,ORP:,389.9,OD:,8.68,EC:,0.00,0,0.00,1.000,
2023-2-15 19:36:8,-- ::,PH:,5.047,ORP:,390.2,OD:,8.66,EC:,0.00,0,0.00,1.000,
2023-2-15 19:36:30,-- ::,PH:,5.047,ORP:,390.8,OD:,8.65,EC:,0.00,0,0.00,1.000,
2023-2-15 19:36:53,-- ::,PH:,5.049,ORP:,391.0,OD:,8.66,EC:,0.00,0,0.00,1.000,
2023-2-15 19:37:15,-- ::,PH:,5.053,ORP:,391.2,OD:,8.65,EC:,0.00,0,0.00,1.000,
2023-2-15 19:37:38,-- ::,PH:,5.057,ORP:,391.6,OD:,8.68,EC:,0.00,0,0.00,1.000,
2023-2-15 19:38:0,-- ::,PH:,5.059,ORP:,392.0,OD:,8.65,EC:,0.00,0,0.00,1.000,
2023-2-15 19:38:23,-- ::,PH:,5.058,ORP:,392.5,OD:,8.65,EC:,0.00,0,0.00,1.000,
2023-2-15 19:39:1,-- ::PH:,5.064,ORP:,392.9,OD:,8.64,EC:,0.00,0,0.00,1.000,
2023-2-15 19:39:33,-- ::PH:,5.065,ORP:,393.5,OD:,8.67,EC:,0.00,0,0.00,1.000,
2023-2-15 19:40:6,-- ::PH:,5.061,ORP:,394.4,OD:,8.63,EC:,0.00,0,0.00,1.000,
2023-2-15 19:40:38,-- ::PH:,5.061,ORP:,395.1,OD:,8.66,EC:,0.00,0,0.00,1.000,
2023-2-15 19:41:11,-- ::PH:,5.063,ORP:,395.7,OD:,8.66,EC:,0.00,0,0.00,1.000,
2023-2-15 19:42:15,-- ::PH:,5.065,ORP:,396.6,OD:,8.71,EC:,0.00,0,0.00,1.000,
2023-2-15 19:43:11,-- ::PH:,5.060,ORP:,397.8,OD:,8.70,EC:,0.00,0,0.00,1.000,
2023-2-15 19:43:43,-- ::PH:,5.059,ORP:,398.4,OD:,8.68,EC:,0.00,0,0.00,1.000,
2023-2-15 19:44:16,-- ::PH:,5.057,ORP:,399.0,OD:,8.66,EC:,0.00,0,0.00,1.000,
2023-2-15 19:44:48,-- ::PH:,5.057,ORP:,399.3,OD:,8.67,EC:,0.00,0,0.00,1.000,
2023-2-15 19:45:21,-- ::PH:,5.056,ORP:,400.0,OD:,8.63,EC:,0.00,0,0.00,1.000,
2023-2-15 19:46:18,-- 
::
PH:,5.057,ORP:,400.7,OD:,8.70,EC:,0.00,0,0.00,1.000,
2023-2-15 19:47:14,-- 
::
PH:
,5.058,ORP:,401.4,OD:,8.66,EC:,0.00,0,0.00,1.000,
2023-2-15 19:47:47,-- 
::
PH:
,5.063,ORP:,401.8,OD:,8.74,EC:,0.00,0,0.00,1.000,
2023-2-15 19:48:40,::
PH:
,5.065,ORP:,402.4,OD:,8.73,EC:,0.00,0,0.00,1.000,
2023-2-15 19:49:13,::
PH:
,5.066,ORP:,402.8,OD:,8.65,EC:,0.00,0,0.00,1.000,
2023-2-15 19:49:45,::
PH:
,5.066,ORP:,403.3,OD:,8.65,EC:,0.00,0,0.00,1.000,
2023-2-15 19:50:33,::
PH:
,5.074,ORP:,403.6,OD:,8.68,EC:,0.00,0,0.00,1.000,
2023-2-15 19:51:5,::
PH:
,5.073,ORP:,404.0,OD:,8.65,EC:,0.00,0,0.00,1.000,
2023-2-15 19:51:38,::
PH:
,5.077,ORP:,404.4,OD:,8.66,EC:,0.00,0,0.00,1.000,
2023-2-15 19:52:11,::
PH:
,5.085,ORP:,404.7,OD:,8.68,EC:,0.00,0,0.00,1.000,
2023-2-15 19:52:43,::
PH:
,5.088,ORP:,404.9,OD:,8.68,EC:,0.00,0,0.00,1.000,
2023-2-15 19:53:37,::
PH:
,5.086,ORP:,405.5,OD:,8.69,EC:,0.00,0,0.00,1.000,
2023-2-15 19:54:2,::
PH:
,5.087,ORP:,405.6,OD:,8.71,EC:,0.00,0,0.00,1.000,
2023-2-15 19:54:26,::
PH:
,5.084,ORP:,406.0,OD:,8.73,EC:,0.00,0,0.00,1.000,
2023-2-15 19:54:51,::
PH:
,5.082,ORP:,406.2,OD:,8.66,EC:,0.00,0,0.00,1.000,
2023-2-15 19:55:35,::
PH:
,5.088,ORP:,406.4,OD:,8.70,EC:,0.00,0,0.00,1.000,
2023-2-15 19:55:55,::
PH:
,5.086,ORP:,406.5,OD:,8.68,EC:,0.00,0,0.00,1.000,
2023-2-15 19:56:15,::
PH:
,5.084,ORP:,406.7,OD:,8.71,EC:,0.00,0,0.00,1.000,
2023-2-15 19:56:35,::
PH:
,5.085,ORP:,406.8,OD:,8.69,EC:,0.00,0,0.00,1.000,
2023-2-15 19:56:55,::
PH:
,5.086,ORP:,407.1,OD:,8.65,EC:,0.00,0,0.00,1.000,
2023-2-15 19:57:31,PH:
,5.094,ORP:,407.3,OD:,8.65,EC:,0.00,0,0.00,1.000,
2023-2-15 19:57:51,PH:
,5.093,ORP:,407.5,OD:,8.64,EC:,0.00,0,0.00,1.000,
2023-2-15 19:58:11,PH:
,5.091,ORP:,407.8,OD:,8.67,EC:,0.00,0,0.00,1.000,
2023-2-15 19:58:31,PH:
,5.089,ORP:,407.6,OD:,8.68,EC:,0.00,0,0.00,1.000,
2023-2-15 19:58:50,PH:
,5.093,ORP:,407.9,OD:,8.67,EC:,0.00,0,0.00,1.000,
2023-2-15 19:59:10,PH:
,5.090,ORP:,408.2,OD:,8.70,EC:,0.00,0,0.00,1.000,
2023-2-15 19:59:30,PH:
,5.090,ORP:,408.5,OD:,8.68,EC:,0.00,0,0.00,1.000,
2023-2-15 19:59:50,PH:
,5.092,ORP:,408.4,OD:,8.67,EC:,0.00,0,0.00,1.000,
2023-2-15 20:0:37,PH:
,5.095,ORP:,408.9,OD:,8.71,EC:,0.00,0,0.00,1.000,
2023-2-15 20:0:57,PH:
,5.098,ORP:,409.1,OD:,8.73,EC:,0.00,0,0.00,1.000,
2023-2-15 20:1:17,PH:
,5.104,ORP:,409.5,OD:,8.72,EC:,0.00,0,0.00,1.000,
2023-2-15 20:1:37,PH:
,5.106,ORP:,409.3,OD:,8.71,EC:,0.00,0,0.00,1.000,
2023-2-15 20:1:56,PH:
,5.106,ORP:,409.5,OD:,8.72,EC:,0.00,0,0.00,1.000,
2023-2-15 20:2:16,PH:
,5.106,ORP:,409.7,OD:,8.73,EC:,0.00,0,0.00,1.000,
2023-2-15 20:2:36,PH:
,5.108,ORP:,409.8,OD:,8.74,EC:,0.00,0,0.00,1.000,
2023-2-15 20:2:56,PH:
,5.108,ORP:,410.0,OD:,8.72,EC:,0.00,0,0.00,1.000,
2023-2-15 20:3:15,PH:
,5.112,ORP:,410.0,OD:,8.69,EC:,0.00,0,0.00,1.000,
2023-2-15 20:3:35,PH:
,5.110,ORP:,410.3,OD:,8.70,EC:,0.00,0,0.00,1.000,
2023-2-15 20:3:55,PH:
,5.107,ORP:,410.5,OD:,8.70,EC:,0.00,0,0.00,1.000,
2023-2-15 20:4:15,PH:
,5.108,ORP:,410.6,OD:,8.69,EC:,0.00,0,0.00,1.000,
2023-2-15 20:4:34,PH:
,5.107,ORP:,410.8,OD:,8.70,EC:,0.00,0,0.00,1.000,
2023-2-15 20:4:54,PH:
,5.106,ORP:,410.9,OD:,8.72,EC:,0.00,0,0.00,1.000,
2023-2-15 20:5:14,PH:
,5.104,ORP:,411.0,OD:,8.69,EC:,0.00,0,0.00,1.000,
2023-2-15 20:5:34,PH:
,5.105,ORP:,411.6,OD:,8.70,EC:,0.00,0,0.00,1.000,
2023-2-15 20:5:53,PH:
,5.104,ORP:,411.8,OD:,8.71,EC:,0.00,0,0.00,1.000,
2023-2-15 20:6:13,PH:
,5.103,ORP:,411.8,OD:,8.74,EC:,0.00,0,0.00,1.000,
2023-2-15 20:6:33,PH:
,5.107,ORP:,412.1,OD:,8.68,EC:,0.00,0,0.00,1.000,
2023-2-15 20:6:53,PH:
,5.109,ORP:,412.1,OD:,8.69,EC:,0.00,0,0.00,1.000,
2023-2-15 20:7:12,PH:
,5.110,ORP:,412.3,OD:,8.70,EC:,0.00,0,0.00,1.000,
2023-2-15 20:7:32,PH:
,5.111,ORP:,412.3,OD:,8.72,EC:,0.00,0,0.00,1.000,
2023-2-15 20:7:52,PH:
,5.110,ORP:,412.5,OD:,8.71,EC:,0.00,0,0.00,1.000,
2023-2-15 20:8:12,PH:
,5.111,ORP:,412.6,OD:,8.67,EC:,0.00,0,0.00,1.000,
2023-2-15 20:8:31,PH:
,5.117,ORP:,412.7,OD:,8.72,EC:,0.00,0,0.00,1.000,
2023-2-15 20:8:51,PH:
,5.119,ORP:,412.6,OD:,8.71,EC:,0.00,0,0.00,1.000,
2023-2-15 20:9:11,PH:
,5.123,ORP:,412.9,OD:,8.71,EC:,0.00,0,0.00,1.000,
2023-2-15 20:9:31,PH:
,5.124,ORP:,413.0,OD:,8.67,EC:,0.00,0,0.00,1.000,
2023-2-15 20:9:50,PH:
,5.126,ORP:,412.9,OD:,8.69,EC:,0.00,0,0.00,1.000,
2023-2-15 20:10:10,PH:
,5.123,ORP:,413.0,OD:,8.69,EC:,0.00,0,0.00,1.000,
2023-2-15 20:10:30,PH:
,5.124,ORP:,413.1,OD:,8.69,EC:,0.00,0,0.00,1.000,
2023-2-15 20:10:50,PH:
,5.122,ORP:,413.3,OD:,8.65,EC:,0.00,0,0.00,1.000,
2023-2-15 20:11:10,PH:
,5.124,ORP:,413.3,OD:,8.71,EC:,0.00,0,0.00,1.000,
2023-2-15 20:11:29,PH:
,5.123,ORP:,413.4,OD:,8.72,EC:,0.00,0,0.00,1.000,
2023-2-15 20:11:49,PH:
,5.124,ORP:,413.4,OD:,8.67,EC:,0.00,0,0.00,1.000,
2023-2-15 20:12:9,PH:
,5.121,ORP:,413.8,OD:,8.68,EC:,0.00,0,0.00,1.000,
2023-2-15 20:12:29,PH:
,5.118,ORP:,414.1,OD:,8.68,EC:,0.00,0,0.00,1.000,
2023-2-15 20:12:48,PH:
,5.119,ORP:,414.2,OD:,8.72,EC:,0.00,0,0.00,1.000,
2023-2-15 20:13:8,PH:
,5.115,ORP:,414.3,OD:,8.69,EC:,0.00,0,0.00,1.000,
2023-2-15 20:13:28,PH:
,5.112,ORP:,414.6,OD:,8.67,EC:,0.00,0,0.00,1.000,
2023-2-15 20:13:48,PH:
,5.114,ORP:,414.5,OD:,8.68,EC:,0.00,0,0.00,1.000,
2023-2-15 20:14:7,PH:
,5.115,ORP:,414.7,OD:,8.71,EC:,0.00,0,0.00,1.000,
2023-2-15 20:14:27,PH:
,5.116,ORP:,414.6,OD:,8.70,EC:,0.00,0,0.00,1.000,
2023-2-15 20:14:47,PH:
,5.115,ORP:,415.0,OD:,8.68,EC:,0.00,0,0.00,1.000,
2023-2-15 20:15:7,PH:
,5.117,ORP:,414.9,OD:,8.69,EC:,0.00,0,0.00,1.000,
2023-2-15 20:15:26,PH:
,5.116,ORP:,414.9,OD:,8.70,EC:,0.00,0,0.00,1.000,
2023-2-15 20:15:46,PH:
,5.114,ORP:,415.1,OD:,8.73,EC:,0.00,0,0.00,1.000,
2023-2-15 20:16:6,PH:
,5.115,ORP:,415.0,OD:,8.67,EC:,0.00,0,0.00,1.000,
2023-2-15 20:16:26,PH:
,5.118,ORP:,415.1,OD:,8.66,EC:,0.00,0,0.00,1.000,
2023-2-15 20:16:45,PH:
,5.116,ORP:,415.2,OD:,8.69,EC:,0.00,0,0.00,1.000,
2023-2-15 20:17:5,PH:
,5.113,ORP:,415.3,OD:,8.68,EC:,0.00,0,0.00,1.000,
2023-2-15 20:17:25,PH:
,5.111,ORP:,415.5,OD:,8.66,EC:,0.00,0,0.00,1.000,
2023-2-15 20:17:45,PH:
,5.111,ORP:,415.7,OD:,8.65,EC:,0.00,0,0.00,1.000,
2023-2-15 20:18:4,PH:
,5.110,ORP:,415.9,OD:,8.72,EC:,0.00,0,0.00,1.000,
2023-2-15 20:18:24,PH:
,5.108,ORP:,415.8,OD:,8.74,EC:,0.00,0,0.00,1.000,
2023-2-15 20:18:44,PH:
,5.106,ORP:,416.1,OD:,8.71,EC:,0.00,0,0.00,1.000,
2023-2-15 20:19:4,PH:
,5.106,ORP:,416.2,OD:,8.68,EC:,0.00,0,0.00,1.000,
2023-2-15 20:19:23,PH:
,5.105,ORP:,416.3,OD:,8.67,EC:,0.00,0,0.00,1.000,
2023-2-15 20:19:43,PH:
,5.104,ORP:,416.5,OD:,8.68,EC:,0.00,0,0.00,1.000,
2023-2-15 20:20:3,PH:
,5.102,ORP:,416.7,OD:,8.64,EC:,0.00,0,0.00,1.000,
2023-2-15 20:20:23,PH:
,5.104,ORP:,416.9,OD:,8.63,EC:,0.00,0,0.00,1.000,
2023-2-15 20:20:43,PH:
,5.105,ORP:,417.0,OD:,8.68,EC:,0.00,0,0.00,1.000,
2023-2-15 20:21:2,PH:
,5.103,ORP:,417.2,OD:,8.65,EC:,0.00,0,0.00,1.000,
2023-2-15 20:21:22,PH:
,5.103,ORP:,417.3,OD:,8.63,EC:,0.00,0,0.00,1.000,
2023-2-15 20:21:42,PH:
,5.103,ORP:,417.1,OD:,8.66,EC:,0.00,0,0.00,1.000,
2023-2-15 20:22:2,PH:
,5.102,ORP:,417.2,OD:,8.64,EC:,0.00,0,0.00,1.000,
2023-2-15 21:8:26,PH:
,5.566,ORP:,167.6,OD:,8.50,EC:,0.00,0,0.00,1.000,
2023-2-15 21:8:46,PH:
,5.450,ORP:,174.4,OD:,8.56,EC:,0.00,0,0.00,1.000,
2023-2-15 21:9:6,PH:
,5.407,ORP:,180.1,OD:,8.56,EC:,0.00,0,0.00,1.000,
2023-2-15 21:9:26,PH:
,5.378,ORP:,185.1,OD:,8.54,EC:,0.00,0,0.00,1.000,
2023-2-15 21:9:45,PH:
,5.351,ORP:,190.5,OD:,8.51,EC:,0.00,0,0.00,1.000,
2023-2-15 21:10:5,PH:
,5.334,ORP:,194.8,OD:,8.49,EC:,0.00,0,0.00,1.000,
2023-2-15 21:10:25,PH:
,5.318,ORP:,199.4,OD:,8.52,EC:,0.00,0,0.00,1.000,
2023-2-15 21:10:45,PH:
,5.303,ORP:,203.7,OD:,8.55,EC:,0.00,0,0.00,1.000,
2023-2-15 21:11:4,PH:
,5.291,ORP:,208.1,OD:,8.50,EC:,0.00,0,0.00,1.000,
2023-2-15 21:11:24,PH:
,5.275,ORP:,212.0,OD:,8.53,EC:,0.00,0,0.00,1.000,
2023-2-15 21:11:44,PH:
,5.267,ORP:,215.8,OD:,8.54,EC:,0.00,0,0.00,1.000,
2023-2-15 21:12:4,PH:
,5.257,ORP:,219.7,OD:,8.50,EC:,0.00,0,0.00,1.000,
2023-2-15 21:12:23,PH:
,5.245,ORP:,223.2,OD:,8.53,EC:,0.00,0,0.00,1.000,
2023-2-15 21:12:43,PH:
,5.239,ORP:,226.5,OD:,8.52,EC:,0.00,0,0.00,1.000,
2023-2-15 21:13:3,PH:
,5.229,ORP:,229.9,OD:,8.49,EC:,0.00,0,0.00,1.000,
2023-2-15 21:13:23,PH:
,5.219,ORP:,233.2,OD:,8.49,EC:,0.00,0,0.00,1.000,
2023-2-15 21:13:42,PH:
,5.209,ORP:,236.2,OD:,8.47,EC:,0.00,0,0.00,1.000,
2023-2-15 21:14:2,PH:
,5.199,ORP:,239.4,OD:,8.50,EC:,0.00,0,0.00,1.000,
2023-2-23 15:25:48,PH:
,5.550,ORP:,183.6,OD:,8.86,EC:,0.00,0,0.00,1.000,
2023-2-23 15:26:8,PH:
,5.361,ORP:,194.4,OD:,8.87,EC:,0.00,0,0.00,1.000,
2023-2-23 15:34:53,PH:
,5.587,ORP:,129.8,OD:,8.71,EC:,0.00,0,0.00,1.000,
2023-2-23 15:35:12,PH:
,5.382,ORP:,141.0,OD:,8.73,EC:,0.00,0,0.00,1.000,
2023-2-23 15:35:53,PH:,5.211,ORP:,160.2,OD:,8.76,EC:,0.00,0,0.00,1.000,
2023-2-23 15:36:13,PH:,5.159,ORP:,169.0,OD:,8.72,EC:,0.00,0,0.00,1.000,
2023-2-23 15:39:53,PH:,5.616,ORP:,104.0,OD:,8.72,EC:,0.00,0,0.00,1.000,
2023-2-23 15:40:12,PH:,5.372,ORP:,116.4,OD:,8.78,EC:,0.00,0,0.00,1.000,
2023-2-23 15:40:32,PH:,5.262,ORP:,127.8,OD:,8.75,EC:,0.00,0,0.00,1.000,
2023-2-23 15:40:52,PH:,5.184,ORP:,138.1,OD:,8.71,EC:,0.00,0,0.00,1.000,
2023-2-23 15:41:11,PH:,5.134,ORP:,148.0,OD:,8.75,EC:,0.00,0,0.00,1.000,
2023-2-24 8:44:2,PH:,5.933,ORP:,171.3,OD:,8.94,EC:,0.00,0,0.00,1.000,
2023-2-24 8:44:22,PH:,5.508,ORP:,183.7,OD:,8.93,EC:,0.00,0,0.00,1.000,
2023-2-24 8:44:42,PH:,5.414,ORP:,195.5,OD:,8.93,EC:,0.00,0,0.00,1.000,
2023-2-24 8:45:1,PH:,6.164,ORP:,206.1,OD:,8.96,EC:,0.00,0,0.00,1.000,
2023-2-24 8:45:21,PH:,5.794,ORP:,215.2,OD:,8.97,EC:,0.00,0,0.00,1.000,
2023-2-24 8:45:41,PH:,5.374,ORP:,223.7,OD:,8.97,EC:,0.00,0,0.00,1.000,
2023-2-24 8:46:1,PH:,5.316,ORP:,230.5,OD:,8.95,EC:,0.00,0,0.00,1.000,
2023-2-24 8:46:20,PH:,5.280,ORP:,237.0,OD:,8.93,EC:,0.00,0,0.00,1.000,
2023-2-24 8:46:40,PH:,5.308,ORP:,242.7,OD:,8.88,EC:,0.00,0,0.00,1.000,
2023-2-24 8:47:0,PH:,5.337,ORP:,248.1,OD:,8.91,EC:,0.00,0,0.00,1.000,
2023-2-24 8:47:20,PH:,5.366,ORP:,253.4,OD:,8.95,EC:,0.00,0,0.00,1.000,
2023-2-24 8:47:39,PH:,5.394,ORP:,258.2,OD:,8.96,EC:,0.00,0,0.00,1.000,
2023-2-24 8:47:59,PH:,5.415,ORP:,262.8,OD:,8.95,EC:,0.00,0,0.00,1.000,
2023-2-24 8:48:19,PH:,5.426,ORP:,268.1,OD:,8.92,EC:,0.00,0,0.00,1.000,
2023-2-24 8:48:39,PH:,5.430,ORP:,272.2,OD:,8.94,EC:,0.00,0,0.00,1.000,
2023-2-24 8:48:58,PH:,3.065,ORP:,275.6,OD:,8.96,EC:,0.00,0,0.00,1.000,
2023-2-24 8:49:18,PH:,3.012,ORP:,279.7,OD:,8.94,EC:,0.00,0,0.00,1.000,
2023-2-24 8:49:38,PH:,3.037,ORP:,284.1,OD:,8.92,EC:,0.00,0,0.00,1.000,
2023-2-24 8:49:58,PH:,3.048,ORP:,287.7,OD:,8.93,EC:,0.00,0,0.00,1.000,
2023-2-24 8:50:17,PH:,3.047,ORP:,290.9,OD:,8.95,EC:,0.00,0,0.00,1.000,
2023-2-24 8:50:37,PH:,3.045,ORP:,294.4,OD:,8.94,EC:,0.00,0,0.00,1.000,
2023-2-24 8:50:57,PH:,3.043,ORP:,297.2,OD:,8.88,EC:,0.00,0,0.00,1.000,
2023-2-24 8:51:17,PH:,3.037,ORP:,301.1,OD:,8.89,EC:,0.00,0,0.00,1.000,
2023-2-24 8:51:36,PH:,3.030,ORP:,303.7,OD:,8.90,EC:,0.00,0,0.00,1.000,
2023-2-24 8:51:56,PH:,3.025,ORP:,306.6,OD:,8.89,EC:,0.00,0,0.00,1.000,
2023-2-24 8:52:16,PH:,3.018,ORP:,309.5,OD:,8.98,EC:,0.00,0,0.00,1.000,
2023-2-24 8:52:36,PH:,3.013,ORP:,312.0,OD:,8.92,EC:,0.00,0,0.00,1.000,
2023-2-24 8:52:55,PH:,3.007,ORP:,314.4,OD:,8.90,EC:,0.00,0,0.00,1.000,
2023-2-24 8:53:15,PH:,2.999,ORP:,317.1,OD:,8.93,EC:,0.00,0,0.00,1.000,
2023-2-24 8:53:35,PH:,2.988,ORP:,319.7,OD:,8.93,EC:,0.00,0,0.00,1.000,
2023-2-24 8:53:55,PH:,2.978,ORP:,321.9,OD:,8.91,EC:,0.00,0,0.00,1.000,
2023-2-24 8:54:14,PH:,2.972,ORP:,324.4,OD:,8.91,EC:,0.00,0,0.00,1.000,
2023-2-24 8:54:34,PH:,2.969,ORP:,326.4,OD:,8.94,EC:,0.00,0,0.00,1.000,
2023-2-24 8:54:54,PH:,2.957,ORP:,328.6,OD:,8.94,EC:,0.00,0,0.00,1.000,
2023-2-24 8:55:14,PH:,2.950,ORP:,331.0,OD:,8.95,EC:,0.00,0,0.00,1.000,
2023-2-24 8:55:33,PH:,2.946,ORP:,333.3,OD:,8.96,EC:,0.00,0,0.00,1.000,
2023-2-24 8:55:53,PH:,2.939,ORP:,335.2,OD:,8.93,EC:,0.00,0,0.00,1.000,
2023-2-24 8:56:13,PH:,2.941,ORP:,337.1,OD:,8.93,EC:,0.00,0,0.00,1.000,
2023-2-24 8:56:33,PH:,2.941,ORP:,338.8,OD:,8.94,EC:,0.00,0,0.00,1.000,
2023-2-24 8:56:52,PH:,2.950,ORP:,340.6,OD:,8.94,EC:,0.00,0,0.00,1.000,
2023-2-24 8:57:12,PH:,2.952,ORP:,342.5,OD:,8.93,EC:,0.00,0,0.00,1.000,
2023-2-24 8:57:32,PH:,2.956,ORP:,344.0,OD:,8.94,EC:,0.00,0,0.00,1.000,
2023-2-24 8:57:52,PH:,2.964,ORP:,345.4,OD:,8.93,EC:,0.00,0,0.00,1.000,
2023-2-24 8:58:11,PH:,2.971,ORP:,347.2,OD:,8.93,EC:,0.00,0,0.00,1.000,
2023-2-24 8:58:31,PH:,2.979,ORP:,349.2,OD:,8.91,EC:,0.00,0,0.00,1.000,
2023-2-24 8:58:51,PH:,2.994,ORP:,350.6,OD:,8.95,EC:,0.00,0,0.00,1.000,
2023-2-24 8:59:11,PH:,3.007,ORP:,351.9,OD:,8.95,EC:,0.00,0,0.00,1.000,
2023-2-24 8:59:30,PH:,3.025,ORP:,353.0,OD:,8.95,EC:,0.00,0,0.00,1.000,
2023-2-24 8:59:50,PH:,3.045,ORP:,354.5,OD:,8.99,EC:,0.00,0,0.00,1.000,
2023-2-24 9:0:10,PH:,3.079,ORP:,356.1,OD:,8.96,EC:,0.00,0,0.00,1.000,
2023-2-24 9:0:30,PH:,3.098,ORP:,357.5,OD:,8.97,EC:,0.00,0,0.00,1.000,
2023-2-24 9:0:49,PH:,3.107,ORP:,358.7,OD:,8.95,EC:,0.00,0,0.00,1.000,
2023-2-24 9:1:9,PH:,3.116,ORP:,360.1,OD:,8.99,EC:,0.00,0,0.00,1.000,
2023-2-24 9:1:29,PH:,3.118,ORP:,361.3,OD:,8.95,EC:,0.00,0,0.00,1.000,
2023-2-24 9:1:49,PH:,2.887,ORP:,362.9,OD:,8.96,EC:,0.00,0,0.00,1.000,
2023-2-24 9:2:8,PH:,2.919,ORP:,364.3,OD:,8.96,EC:,0.00,0,0.00,1.000,
2023-2-24 9:2:28,PH:,2.941,ORP:,365.8,OD:,9.01,EC:,0.00,0,0.00,1.000,
2023-2-24 9:2:48,PH:,2.948,ORP:,367.2,OD:,8.98,EC:,0.00,0,0.00,1.000,
2023-2-24 9:3:7,PH:,2.955,ORP:,368.5,OD:,8.92,EC:,0.00,0,0.00,1.000,
2023-2-24 9:3:27,PH:,2.966,ORP:,369.7,OD:,8.96,EC:,0.00,0,0.00,1.000,
2023-2-24 9:3:47,PH:,2.961,ORP:,371.1,OD:,8.99,EC:,0.00,0,0.00,1.000,
2023-2-24 9:4:7,PH:,2.956,ORP:,372.3,OD:,8.99,EC:,0.00,0,0.00,1.000,
2023-2-24 9:4:26,PH:,2.948,ORP:,373.8,OD:,8.96,EC:,0.00,0,0.00,1.000,
2023-2-24 9:4:46,PH:,2.945,ORP:,374.7,OD:,8.96,EC:,0.00,0,0.00,1.000,
2023-2-24 9:5:6,PH:,2.945,ORP:,375.9,OD:,8.90,EC:,0.00,0,0.00,1.000,
2023-2-24 9:5:26,PH:,2.939,ORP:,377.2,OD:,8.96,EC:,0.00,0,0.00,1.000,
2023-2-24 9:5:45,PH:,2.943,ORP:,378.2,OD:,8.95,EC:,0.00,0,0.00,1.000,
2023-2-24 9:6:5,PH:,2.947,ORP:,379.4,OD:,8.91,EC:,0.00,0,0.00,1.000,
2023-2-24 9:6:25,PH:,2.946,ORP:,380.8,OD:,8.94,EC:,0.00,0,0.00,1.000,
2023-2-24 9:6:45,PH:,2.950,ORP:,381.9,OD:,8.92,EC:,0.00,0,0.00,1.000,
2023-2-24 9:7:4,PH:,2.949,ORP:,383.2,OD:,8.90,EC:,0.00,0,0.00,1.000,
2023-2-24 9:7:24,PH:,2.950,ORP:,384.2,OD:,8.92,EC:,0.00,0,0.00,1.000,
2023-2-24 9:7:44,PH:,2.952,ORP:,385.2,OD:,8.86,EC:,0.00,0,0.00,1.000,
2023-2-24 9:8:4,PH:,2.957,ORP:,386.5,OD:,8.87,EC:,0.00,0,0.00,1.000,
2023-2-24 9:8:23,PH:,2.960,ORP:,387.6,OD:,8.84,EC:,0.00,0,0.00,1.000,
2023-2-24 9:8:43,PH:,2.965,ORP:,388.7,OD:,8.84,EC:,0.00,0,0.00,1.000,
2023-2-24 9:9:3,PH:,2.974,ORP:,389.5,OD:,8.84,EC:,0.00,0,0.00,1.000,
2023-2-24 9:9:22,PH:,2.985,ORP:,390.3,OD:,8.86,EC:,0.00,0,0.00,1.000,
2023-2-24 9:9:42,PH:,2.994,ORP:,391.1,OD:,8.86,EC:,0.00,0,0.00,1.000,
2023-2-24 9:10:2,PH:,3.001,ORP:,392.0,OD:,8.87,EC:,0.00,0,0.00,1.000,
2023-2-24 9:10:22,PH:,5.358,ORP:,393.0,OD:,8.90,EC:,0.00,0,0.00,1.000,
2023-2-24 9:10:41,PH:,5.734,ORP:,394.0,OD:,8.89,EC:,0.00,0,0.00,1.000,
2023-2-24 9:11:1,PH:,5.777,ORP:,394.9,OD:,8.87,EC:,0.00,0,0.00,1.000,
2023-2-24 9:11:21,PH:,5.806,ORP:,395.9,OD:,8.84,EC:,0.00,0,0.00,1.000,
2023-2-24 9:11:41,PH:,5.840,ORP:,396.9,OD:,8.83,EC:,0.00,0,0.00,1.000,
2023-2-24 9:12:0,PH:,5.843,ORP:,398.0,OD:,8.85,EC:,0.00,0,0.00,1.000,
2023-2-24 9:12:20,PH:,5.841,ORP:,398.8,OD:,8.88,EC:,0.00,0,0.00,1.000,
2023-2-24 9:12:40,PH:,5.845,ORP:,399.6,OD:,8.88,EC:,0.00,0,0.00,1.000,
2023-2-24 9:13:0,PH:,5.847,ORP:,400.2,OD:,8.90,EC:,0.00,0,0.00,1.000,
2023-2-24 9:13:19,PH:,5.850,ORP:,401.0,OD:,8.85,EC:,0.00,0,0.00,1.000,
2023-2-24 9:13:39,PH:,5.851,ORP:,401.6,OD:,8.87,EC:,0.00,0,0.00,1.000,
2023-2-24 9:13:59,PH:,5.851,ORP:,402.6,OD:,8.90,EC:,0.00,0,0.00,1.000,
2023-2-24 9:14:19,PH:,5.855,ORP:,403.4,OD:,8.87,EC:,0.00,0,0.00,1.000,
2023-2-24 9:14:38,PH:,5.852,ORP:,404.2,OD:,8.88,EC:,0.00,0,0.00,1.000,
2023-2-24 9:14:58,PH:,5.857,ORP:,404.9,OD:,8.87,EC:,0.00,0,0.00,1.000,
2023-2-24 9:15:18,PH:,6.077,ORP:,405.7,OD:,8.92,EC:,0.00,0,0.00,1.000,
2023-2-24 9:15:38,PH:,5.343,ORP:,406.4,OD:,8.88,EC:,0.00,0,0.00,1.000,
2023-2-24 9:15:57,PH:,5.300,ORP:,407.0,OD:,8.92,EC:,0.00,0,0.00,1.000,
2023-2-24 9:16:17,PH:,5.299,ORP:,407.7,OD:,8.88,EC:,0.00,0,0.00,1.000,
2023-2-24 9:16:37,PH:,5.290,ORP:,408.2,OD:,8.84,EC:,0.00,0,0.00,1.000,
2023-2-24 9:16:57,PH:,5.319,ORP:,408.8,OD:,8.91,EC:,0.00,0,0.00,1.000,
2023-2-24 9:17:16,PH:,3.958,ORP:,409.6,OD:,8.90,EC:,0.00,0,0.00,1.000,
2023-2-24 9:17:36,PH:,3.568,ORP:,410.3,OD:,8.90,EC:,0.00,0,0.00,1.000,
2023-2-24 9:17:56,PH:,3.570,ORP:,411.2,OD:,8.88,EC:,0.00,0,0.00,1.000,
2023-2-24 9:18:16,PH:,3.583,ORP:,411.9,OD:,8.87,EC:,0.00,0,0.00,1.000,
2023-2-24 9:18:35,PH:,3.589,ORP:,412.6,OD:,8.91,EC:,0.00,0,0.00,1.000,
2023-2-24 9:18:55,PH:,3.590,ORP:,413.2,OD:,8.87,EC:,0.00,0,0.00,1.000,
2023-2-24 9:19:15,PH:,3.589,ORP:,414.1,OD:,8.88,EC:,0.00,0,0.00,1.000,
2023-2-24 9:19:35,PH:,3.582,ORP:,414.8,OD:,8.89,EC:,0.00,0,0.00,1.000,
2023-2-24 9:19:54,PH:,3.578,ORP:,415.5,OD:,8.87,EC:,0.00,0,0.00,1.000,
2023-2-24 9:20:14,PH:,3.583,ORP:,416.0,OD:,8.85,EC:,0.00,0,0.00,1.000,
2023-2-24 9:20:34,PH:,3.585,ORP:,416.5,OD:,8.86,EC:,11990,6475,6.84,1.005,
2023-2-24 9:20:54,PH:,3.588,ORP:,417.0,OD:,8.88,EC:,12000,6483,6.85,1.006,
2023-2-24 9:21:13,PH:,3.592,ORP:,417.5,OD:,8.88,EC:,12000,6482,6.85,1.006,
2023-2-24 9:21:33,PH:,3.590,ORP:,417.8,OD:,8.86,EC:,12000,6483,6.85,1.006,
2023-2-24 9:21:53,PH:,3.588,ORP:,418.5,OD:,8.89,EC:,96.46,52,0.00,1.000,
2023-2-24 9:22:13,PH:,3.588,ORP:,419.2,OD:,8.91,EC:,91.03,49,0.00,1.000,
2023-2-24 9:22:32,PH:,3.589,ORP:,419.8,OD:,8.84,EC:,90.58,48,0.00,1.000,
2023-2-24 9:22:52,PH:,3.591,ORP:,420.0,OD:,8.88,EC:,89.81,48,0.00,1.000,
2023-2-24 9:23:12,PH:,3.595,ORP:,420.7,OD:,8.87,EC:,89.64,48,0.00,1.000,
2023-2-24 9:23:32,PH:,3.599,ORP:,421.1,OD:,8.87,EC:,89.35,48,0.00,1.000,
2023-2-24 9:23:51,PH:,3.601,ORP:,421.4,OD:,8.86,EC:,89.35,48,0.00,1.000,
2023-2-24 9:24:11,PH:,3.598,ORP:,421.9,OD:,8.87,EC:,89.28,48,0.00,1.000,
2023-2-24 9:24:31,PH:,3.597,ORP:,422.4,OD:,8.87,EC:,89.65,48,0.00,1.000,
2023-2-24 9:24:51,PH:,3.594,ORP:,422.9,OD:,8.85,EC:,89.84,48,0.00,1.000,
2023-2-24 9:25:11,PH:,3.595,ORP:,423.2,OD:,8.89,EC:,89.78,48,0.00,1.000,
2023-2-24 9:25:30,PH:,3.589,ORP:,423.6,OD:,8.84,EC:,89.95,48,0.00,1.000,
2023-2-24 9:25:50,PH:,3.589,ORP:,424.1,OD:,8.89,EC:,89.68,48,0.00,1.000,
2023-2-24 9:26:10,PH:,3.590,ORP:,424.5,OD:,8.90,EC:,89.48,48,0.00,1.000,
2023-2-24 9:26:30,PH:,3.592,ORP:,424.8,OD:,8.88,EC:,89.44,48,0.00,1.000,
2023-2-24 9:26:49,PH:,3.591,ORP:,425.3,OD:,8.89,EC:,89.18,48,0.00,1.000,
2023-2-24 9:27:9,PH:,3.587,ORP:,425.7,OD:,8.87,EC:,89.00,48,0.00,1.000,
2023-2-24 9:27:29,PH:,3.585,ORP:,426.0,OD:,8.86,EC:,88.97,48,0.00,1.000,
2023-2-24 9:27:49,PH:,3.583,ORP:,426.7,OD:,8.86,EC:,88.66,47,0.00,1.000,
2023-2-24 9:28:8,PH:,3.587,ORP:,427.3,OD:,8.88,EC:,88.77,47,0.00,1.000,
2023-2-24 9:28:28,PH:,3.586,ORP:,427.9,OD:,8.88,EC:,88.57,47,0.00,1.000,
2023-2-24 9:28:48,PH:,3.583,ORP:,428.2,OD:,8.87,EC:,88.40,47,0.00,1.000,
2023-2-24 9:29:8,PH:,3.582,ORP:,428.6,OD:,8.87,EC:,91.01,49,0.00,1.000,
2023-2-24 9:29:27,PH:,3.580,ORP:,428.9,OD:,8.83,EC:,90.66,48,0.00,1.000,
2023-2-24 9:29:47,PH:,3.576,ORP:,429.4,OD:,8.95,EC:,90.29,48,0.00,1.000,
2023-2-24 9:30:7,PH:,3.575,ORP:,429.8,OD:,6.98,EC:,90.70,48,0.00,1.000,
2023-2-24 9:30:27,PH:,3.576,ORP:,429.9,OD:,6.41,EC:,89.61,48,0.00,1.000,
2023-2-24 9:30:47,PH:,3.576,ORP:,430.4,OD:,6.46,EC:,89.92,48,0.00,1.000,
2023-2-24 9:31:6,PH:,3.577,ORP:,430.7,OD:,6.49,EC:,89.80,48,0.00,1.000,
2023-2-24 9:31:26,PH:,3.581,ORP:,431.0,OD:,6.43,EC:,88.85,47,0.00,1.000,
2023-2-24 9:31:46,PH:,3.583,ORP:,431.3,OD:,6.33,EC:,88.64,47,0.00,1.000,
2023-2-24 9:32:6,PH:,3.583,ORP:,431.6,OD:,6.22,EC:,88.23,47,0.00,1.000,
2023-2-24 9:32:25,PH:,3.580,ORP:,432.0,OD:,6.27,EC:,87.55,47,0.00,1.000,
2023-2-24 9:32:45,PH:,3.579,ORP:,432.3,OD:,6.05,EC:,87.26,47,0.00,1.000,
2023-2-24 9:33:5,PH:,3.578,ORP:,432.6,OD:,6.69,EC:,86.78,46,0.00,1.000,
2023-2-24 9:33:25,PH:,3.579,ORP:,432.9,OD:,7.52,EC:,86.36,46,0.00,1.000,
2023-2-24 9:33:44,PH:,3.581,ORP:,433.0,OD:,7.80,EC:,85.83,46,0.00,1.000,
2023-2-24 9:47:58,PH:,6.379,ORP:,200.2,OD:,6.37,EC:,316.0,170,0.15,1.000,
2023-2-24 9:48:17,PH:,4.841,ORP:,227.5,OD:,6.13,EC:,315.8,170,0.15,1.000,
2023-2-24 9:48:37,PH:,4.333,ORP:,248.7,OD:,6.05,EC:,316.2,170,0.15,1.000,
2023-2-24 9:48:57,PH:,3.938,ORP:,272.6,OD:,6.00,EC:,316.6,170,0.15,1.000,
2023-2-24 9:49:17,PH:,3.623,ORP:,298.7,OD:,5.93,EC:,322.0,173,0.15,1.000,
2023-2-24 9:49:36,PH:,3.385,ORP:,320.7,OD:,5.89,EC:,318.1,171,0.15,1.000,
2023-2-24 9:49:56,PH:,3.130,ORP:,341.8,OD:,5.86,EC:,317.5,171,0.15,1.000,
2023-2-24 9:50:16,PH:,2.924,ORP:,360.7,OD:,5.84,EC:,317.4,171,0.15,1.000,
2023-2-24 9:50:36,PH:,2.698,ORP:,380.0,OD:,5.79,EC:,318.1,171,0.15,1.000,
2023-2-24 9:50:55,PH:,2.460,ORP:,398.4,OD:,5.74,EC:,319.6,172,0.15,1.000,
2023-2-24 9:51:15,PH:,2.277,ORP:,413.9,OD:,5.68,EC:,320.8,173,0.15,1.000,
2023-2-24 9:51:35,PH:,2.056,ORP:,428.3,OD:,5.76,EC:,318.2,171,0.15,1.000,
2023-2-24 9:51:55,PH:,1.868,ORP:,442.7,OD:,5.78,EC:,320.3,172,0.15,1.000,
2023-2-24 9:52:14,PH:,1.670,ORP:,453.3,OD:,5.89,EC:,319.7,172,0.15,1.000,
2023-2-24 9:52:34,PH:,1.582,ORP:,464.9,OD:,5.80,EC:,319.9,172,0.15,1.000,
2023-2-24 9:52:54,PH:,1.586,ORP:,474.7,OD:,5.72,EC:,321.1,173,0.15,1.000,
2023-2-24 9:53:14,PH:,1.416,ORP:,482.6,OD:,5.71,EC:,318.5,172,0.15,1.000,
2023-2-24 9:53:34,PH:,1.253,ORP:,494.1,OD:,5.65,EC:,318.6,172,0.15,1.000,
2023-2-24 9:53:53,PH:,1.248,ORP:,500.0,OD:,5.63,EC:,318.7,172,0.15,1.000,
2023-2-24 9:54:13,PH:,1.487,ORP:,502.7,OD:,5.80,EC:,321.5,173,0.15,1.000,
2023-2-24 9:54:33,PH:,1.690,ORP:,504.5,OD:,5.73,EC:,322.6,174,0.15,1.000,
2023-2-24 9:54:53,PH:,1.730,ORP:,509.0,OD:,5.69,EC:,321.8,173,0.15,1.000,
2023-2-24 9:55:12,PH:,1.724,ORP:,511.1,OD:,5.63,EC:,321.8,173,0.15,1.000,
2023-2-24 9:55:32,PH:,1.848,ORP:,510.2,OD:,5.60,EC:,322.0,173,0.15,1.000,
2023-2-24 9:55:52,PH:,2.066,ORP:,508.1,OD:,5.62,EC:,322.6,174,0.15,1.000,
2023-2-24 9:56:12,PH:,2.413,ORP:,503.0,OD:,5.63,EC:,324.4,175,0.15,1.000,
2023-2-24 9:56:31,PH:,2.460,ORP:,504.9,OD:,5.62,EC:,323.5,174,0.15,1.000,
2023-2-24 9:56:51,PH:,2.329,ORP:,494.8,OD:,5.65,EC:,321.4,173,0.15,1.000,
2023-2-24 9:57:11,PH:,2.120,ORP:,497.2,OD:,5.70,EC:,323.0,174,0.15,1.000,
2023-2-24 9:57:31,PH:,1.920,ORP:,502.9,OD:,5.63,EC:,323.5,174,0.15,1.000,
2023-2-24 9:57:51,PH:,1.813,ORP:,508.6,OD:,5.61,EC:,324.0,174,0.15,1.000,
2023-2-24 9:58:10,PH:,1.714,ORP:,512.9,OD:,5.63,EC:,324.3,175,0.15,1.000,
2023-2-24 9:58:30,PH:,1.722,ORP:,516.2,OD:,5.61,EC:,324.3,175,0.15,1.000,
2023-2-24 9:58:50,PH:,1.698,ORP:,509.9,OD:,5.60,EC:,321.6,173,0.15,1.000,
2023-2-24 9:59:10,PH:,1.726,ORP:,503.2,OD:,5.65,EC:,323.1,174,0.15,1.000,
2023-2-24 9:59:29,PH:,1.969,ORP:,504.0,OD:,5.59,EC:,324.4,175,0.15,1.000,
2023-2-24 9:59:49,PH:,2.365,ORP:,503.4,OD:,5.55,EC:,323.7,174,0.15,1.000,
2023-2-24 10:0:9,PH:,2.597,ORP:,500.5,OD:,5.50,EC:,320.6,173,0.15,1.000,
2023-2-24 10:0:29,PH:,2.593,ORP:,494.2,OD:,5.59,EC:,5.42,2,0.00,1.000,
2023-2-24 10:0:48,PH:,2.177,ORP:,491.9,OD:,6.69,EC:,5.63,3,0.00,1.000,
2023-2-24 10:1:8,PH:,2.167,ORP:,1020.0,OD:,7.36,EC:,5.13,2,0.00,1.000,
2023-2-24 10:1:28,PH:,2.194,ORP:,1020.0,OD:,7.71,EC:,0.00,0,0.00,1.000,
2023-2-24 10:1:48,PH:,2.409,ORP:,364.3,OD:,7.94,EC:,0.00,0,0.00,1.000,
2023-2-24 10:2:7,PH:,2.371,ORP:,417.4,OD:,8.11,EC:,0.00,0,0.00,1.000,
2023-2-24 10:2:27,PH:,2.473,ORP:,432.6,OD:,8.23,EC:,0.00,0,0.00,1.000,
2023-2-24 10:7:56,PH:,3.747,ORP:,186.8,OD:,8.07,EC:,214.2,115,0.10,1.000,
2023-2-24 10:8:15,PH:,4.333,ORP:,215.4,OD:,7.17,EC:,217.4,117,0.10,1.000,
2023-2-24 10:8:35,PH:,4.151,ORP:,236.1,OD:,7.15,EC:,215.7,116,0.10,1.000,
2023-2-24 10:8:55,PH:,3.959,ORP:,255.0,OD:,7.02,EC:,214.6,115,0.10,1.000,
2023-2-24 10:9:15,PH:,3.791,ORP:,274.1,OD:,6.87,EC:,214.2,115,0.10,1.000,
2023-2-24 10:9:34,PH:,3.633,ORP:,289.6,OD:,6.83,EC:,214.3,115,0.10,1.000,
2023-2-24 10:9:54,PH:,3.567,ORP:,305.4,OD:,6.73,EC:,214.5,115,0.10,1.000,
2023-2-24 10:10:14,PH:,3.467,ORP:,318.5,OD:,6.71,EC:,213.4,115,0.10,1.000,
2023-2-24 10:10:34,PH:,3.350,ORP:,331.9,OD:,6.66,EC:,213.2,115,0.10,1.000,
2023-2-24 10:10:53,PH:,3.177,ORP:,346.3,OD:,6.70,EC:,212.9,114,0.10,1.000,
2023-2-24 10:11:13,PH:,3.027,ORP:,361.3,OD:,6.64,EC:,213.4,115,0.10,1.000,
2023-2-24 10:32:56,PH:,6.064,ORP:,218.5,OD:,4.85,EC:,2184,1179,1.11,1.001,
2023-2-24 10:33:16,PH:,5.093,ORP:,249.7,OD:,4.79,EC:,2238,1208,1.14,1.001,
2023-2-24 10:33:36,PH:,4.858,ORP:,267.8,OD:,4.66,EC:,2232,1205,1.14,1.001,
2023-2-24 10:33:56,PH:,4.791,ORP:,281.6,OD:,4.58,EC:,2232,1205,1.14,1.001,
2023-2-24 10:34:15,PH:,4.751,ORP:,293.2,OD:,4.48,EC:,2217,1197,1.13,1.001,
2023-2-24 10:34:35,PH:,4.780,ORP:,301.3,OD:,4.33,EC:,2167,1170,1.10,1.001,
2023-2-24 10:34:55,PH:,4.872,ORP:,306.7,OD:,4.20,EC:,2161,1167,1.10,1.001,
2023-2-24 10:35:15,PH:,4.933,ORP:,313.5,OD:,4.06,EC:,2155,1163,1.10,1.001,
2023-2-24 10:35:35,PH:,4.936,ORP:,320.0,OD:,3.95,EC:,2158,1165,1.10,1.001,
2023-2-24 10:35:54,PH:,4.927,ORP:,326.6,OD:,3.85,EC:,2140,1156,1.09,1.001,
2023-2-24 10:36:14,PH:,4.861,ORP:,335.2,OD:,3.84,EC:,2161,1167,1.10,1.001,
2023-2-24 10:36:34,PH:,4.811,ORP:,342.3,OD:,3.74,EC:,2167,1170,1.10,1.001,
2023-2-24 10:36:54,PH:,4.767,ORP:,349.8,OD:,3.64,EC:,2167,1170,1.10,1.001,
2023-2-24 10:37:13,PH:,4.726,ORP:,356.9,OD:,3.55,EC:,2153,1163,1.09,1.001,
2023-2-24 10:37:33,PH:,4.699,ORP:,363.7,OD:,3.58,EC:,2160,1166,1.10,1.001,
2023-2-24 10:37:53,PH:,4.729,ORP:,370.5,OD:,3.48,EC:,2152,1162,1.09,1.001,
2023-2-24 10:38:13,PH:,4.718,ORP:,376.7,OD:,3.52,EC:,2161,1167,1.10,1.001,
2023-2-24 10:38:33,PH:,4.676,ORP:,383.6,OD:,3.42,EC:,2168,1171,1.10,1.001,
2023-2-24 10:38:52,PH:,4.626,ORP:,389.1,OD:,3.34,EC:,2170,1172,1.10,1.001,
2023-2-24 10:39:12,PH:,4.632,ORP:,393.7,OD:,3.28,EC:,2170,1171,1.10,1.001,
2023-2-24 10:39:32,PH:,4.650,ORP:,398.3,OD:,3.24,EC:,2171,1172,1.10,1.001,
2023-2-24 10:39:52,PH:,4.648,ORP:,402.2,OD:,3.21,EC:,2177,1175,1.11,1.001,
2023-2-24 10:40:11,PH:,4.634,ORP:,406.2,OD:,3.18,EC:,2179,1176,1.11,1.001,
2023-2-24 10:40:31,PH:,4.622,ORP:,409.5,OD:,3.17,EC:,2180,1177,1.11,1.001,
2023-2-24 11:1:16,PH:,4.207,ORP:,181.0,OD:,9.31,EC:,20.26,10,0.00,1.000,
2023-2-24 11:1:36,PH:,3.637,ORP:,191.3,OD:,9.34,EC:,19.83,10,0.00,1.000,
2023-2-24 11:1:56,PH:,3.520,ORP:,203.4,OD:,9.36,EC:,18.83,10,0.00,1.000,
2023-2-24 11:2:16,PH:,3.481,ORP:,252.0,OD:,9.36,EC:,16.59,8,0.00,1.000,
2023-2-24 11:2:35,PH:,3.481,ORP:,215.2,OD:,9.37,EC:,16.54,8,0.00,1.000,
2023-2-24 11:2:55,PH:,3.502,ORP:,212.3,OD:,9.38,EC:,16.49,8,0.00,1.000,
2023-2-24 11:3:15,PH:,3.457,ORP:,230.0,OD:,9.43,EC:,9.44,5,0.00,1.000,
2023-2-24 11:3:35,PH:,4.877,ORP:,180.2,OD:,7.99,EC:,403.4,217,0.19,1.000,
2023-2-24 11:3:54,PH:,5.348,ORP:,183.7,OD:,7.67,EC:,403.1,217,0.19,1.000,
2023-2-24 11:4:14,PH:,5.556,ORP:,189.5,OD:,7.51,EC:,401.9,217,0.19,1.000,
2023-2-24 11:4:34,PH:,5.681,ORP:,197.0,OD:,7.39,EC:,402.2,217,0.19,1.000,
2023-2-24 11:4:54,PH:,5.787,ORP:,203.3,OD:,7.29,EC:,401.4,216,0.19,1.000,
2023-2-24 11:5:14,PH:,5.879,ORP:,208.2,OD:,7.23,EC:,401.0,216,0.19,1.000,
2023-2-24 11:5:33,PH:,5.963,ORP:,212.8,OD:,7.07,EC:,402.6,217,0.19,1.000,
2023-2-24 11:5:53,PH:,6.010,ORP:,217.7,OD:,6.89,EC:,402.9,217,0.19,1.000,
2023-2-24 11:6:13,PH:,6.063,ORP:,220.9,OD:,6.92,EC:,402.1,217,0.19,1.000,
2023-2-24 11:6:33,PH:,6.111,ORP:,223.0,OD:,7.05,EC:,401.4,216,0.19,1.000,
2023-2-24 11:6:52,PH:,6.140,ORP:,227.3,OD:,6.85,EC:,401.9,217,0.19,1.000,
2023-2-24 11:7:12,PH:,6.153,ORP:,230.9,OD:,6.80,EC:,401.7,216,0.19,1.000,
