2023-07-30 00:00:07;3.92;239.00
2023-07-30 00:01:06;3.92;239.00
2023-07-30 00:02:04;3.92;239.00
2023-07-30 00:03:08;3.93;239.00
2023-07-30 00:04:06;3.92;239.00
2023-07-30 00:05:05;3.92;239.00
2023-07-30 00:06:08;3.92;239.00
2023-07-30 00:07:06;3.92;239.00
2023-07-30 00:08:05;3.92;239.00
2023-07-30 00:09:08;3.93;239.00
2023-07-30 00:10:07;3.92;239.00
2023-07-30 00:11:05;3.92;239.00
2023-07-30 00:12:08;3.92;239.00
2023-07-30 00:13:07;3.92;239.00
2023-07-30 00:14:06;3.92;239.00
2023-07-30 00:15:04;3.92;239.00
2023-07-30 00:16:07;3.92;239.00
2023-07-30 00:17:06;3.92;239.00
2023-07-30 00:18:04;3.92;239.00
2023-07-30 00:19:08;3.92;239.00
2023-07-30 00:20:06;3.92;239.00
2023-07-30 00:21:05;3.92;239.00
2023-07-30 00:22:08;3.92;239.00
2023-07-30 00:23:07;3.92;239.00
2023-07-30 00:24:05;3.92;239.00
2023-07-30 00:25:08;3.92;239.00
2023-07-30 00:26:07;3.92;239.00
2023-07-30 00:27:05;3.92;239.00
2023-07-30 00:28:09;3.92;239.00
2023-07-30 00:29:07;3.92;239.00
2023-07-30 00:30:06;3.92;239.00
2023-07-30 00:31:04;3.92;239.00
2023-07-30 00:32:07;3.92;239.00
2023-07-30 00:33:06;3.92;239.00
2023-07-30 00:34:05;3.92;239.00
2023-07-30 00:35:08;3.92;239.00
2023-07-30 00:36:06;3.92;239.00
2023-07-30 00:37:05;3.92;239.00
2023-07-30 00:38:08;3.92;239.00
2023-07-30 00:39:07;3.92;239.00
2023-07-30 00:40:05;3.92;239.00
2023-07-30 00:41:08;3.92;239.00
2023-07-30 00:42:07;3.92;239.00
2023-07-30 00:43:05;3.92;239.00
2023-07-30 00:44:09;3.92;239.00
2023-07-30 00:45:07;3.92;239.00
2023-07-30 00:46:06;3.92;239.00
2023-07-30 00:47:04;3.92;239.00
2023-07-30 00:48:07;3.92;239.00
2023-07-30 00:49:06;3.92;239.00
2023-07-30 00:50:04;3.92;239.00
2023-07-30 00:51:08;3.92;239.00
2023-07-30 00:52:06;3.92;239.00
2023-07-30 00:53:05;3.92;239.00
2023-07-30 00:54:08;3.92;239.00
2023-07-30 00:55:06;3.92;239.00
2023-07-30 00:56:05;3.92;239.00
2023-07-30 00:57:08;3.92;239.00
2023-07-30 00:58:07;3.92;239.00
2023-07-30 00:59:05;3.92;239.00
2023-07-30 01:00:08;3.92;239.00
2023-07-30 01:01:07;3.92;239.00
2023-07-30 01:02:06;3.92;239.00
2023-07-30 01:03:04;3.92;239.00
2023-07-30 01:04:07;3.92;239.00
2023-07-30 01:05:06;3.92;239.00
2023-07-30 01:06:04;3.92;239.00
2023-07-30 01:07:08;3.92;239.00
2023-07-30 01:08:06;3.92;239.00
2023-07-30 01:09:05;3.92;239.00
2023-07-30 01:10:08;3.92;239.00
2023-07-30 01:11:06;3.92;239.00
2023-07-30 01:12:05;3.92;239.00
2023-07-30 01:13:08;3.92;239.00
2023-07-30 01:14:06;3.92;239.00
2023-07-30 01:15:05;3.92;239.00
2023-07-30 01:16:08;3.92;239.00
2023-07-30 01:17:07;3.92;239.00
2023-07-30 01:18:05;3.92;239.00
2023-07-30 01:19:08;3.92;239.00
2023-07-30 01:20:07;3.92;239.00
2023-07-30 01:21:05;3.92;239.00
2023-07-30 01:22:04;3.92;239.00
2023-07-30 01:23:07;3.92;239.00
2023-07-30 01:24:06;3.92;239.00
2023-07-30 01:25:04;3.92;239.00
2023-07-30 01:26:07;3.92;239.00
2023-07-30 01:27:06;3.92;239.00
2023-07-30 01:28:04;3.91;239.00
2023-07-30 01:29:08;3.92;239.00
2023-07-30 01:30:06;3.92;239.00
2023-07-30 01:31:05;3.92;239.00
2023-07-30 01:32:08;3.92;239.00
2023-07-30 01:33:06;3.92;239.00
2023-07-30 01:34:05;3.92;239.00
2023-07-30 01:35:08;3.91;239.00
2023-07-30 01:36:07;3.92;239.00
2023-07-30 01:37:05;3.91;239.00
2023-07-30 01:38:08;3.92;239.00
2023-07-30 01:39:07;3.91;239.00
2023-07-30 01:40:05;3.92;239.00
2023-07-30 01:41:08;3.92;239.00
2023-07-30 01:42:07;3.92;239.00
2023-07-30 01:43:05;3.91;239.00
2023-07-30 01:44:04;3.91;239.00
2023-07-30 01:45:07;3.92;239.00
2023-07-30 01:46:06;3.91;239.00
2023-07-30 01:47:04;3.92;239.00
2023-07-30 01:48:07;3.91;239.00
2023-07-30 01:49:06;3.92;239.00
2023-07-30 01:50:04;3.92;239.00
2023-07-30 01:51:08;3.92;239.00
2023-07-30 01:52:06;3.91;239.00
2023-07-30 01:53:05;3.91;239.00
2023-07-30 01:54:08;3.91;239.00
2023-07-30 01:55:06;3.91;239.00
2023-07-30 01:56:05;3.91;239.00
2023-07-30 01:57:08;3.92;239.00
2023-07-30 01:58:07;3.91;239.00
2023-07-30 01:59:05;3.91;239.00
2023-07-30 02:00:08;3.91;239.00
2023-07-30 02:01:07;3.91;239.00
2023-07-30 02:02:05;3.92;239.00
2023-07-30 02:03:08;3.92;239.00
2023-07-30 02:04:07;3.91;239.00
2023-07-30 02:05:05;3.91;239.00
2023-07-30 02:06:04;3.92;239.00
2023-07-30 02:07:07;3.91;239.00
2023-07-30 02:08:06;3.91;239.00
2023-07-30 02:09:04;3.92;239.00
2023-07-30 02:10:07;3.91;239.00
2023-07-30 02:11:06;3.91;239.00
2023-07-30 02:12:04;3.91;239.00
2023-07-30 02:13:08;3.91;239.00
2023-07-30 02:14:06;3.91;239.00
2023-07-30 02:15:05;3.91;239.00
2023-07-30 02:16:08;3.91;239.00
2023-07-30 02:17:06;3.91;239.00
2023-07-30 02:18:05;3.91;239.00
2023-07-30 02:19:08;3.91;239.00
2023-07-30 02:20:07;3.91;239.00
2023-07-30 02:21:05;3.92;239.00
2023-07-30 02:22:08;3.92;239.00
2023-07-30 02:23:07;3.91;239.00
2023-07-30 02:24:05;3.92;239.00
2023-07-30 02:25:08;3.91;239.00
2023-07-30 02:26:07;3.91;239.00
2023-07-30 02:27:05;3.92;239.00
2023-07-30 02:28:04;3.91;239.00
2023-07-30 02:29:07;3.91;239.00
2023-07-30 02:30:06;3.91;239.00
2023-07-30 02:31:04;3.91;239.00
2023-07-30 02:32:07;3.91;239.00
2023-07-30 02:33:06;3.91;239.00
2023-07-30 02:34:04;3.91;239.00
2023-07-30 02:35:08;3.91;239.00
2023-07-30 02:36:06;3.91;239.00
2023-07-30 02:37:05;3.91;239.00
2023-07-30 02:38:08;3.91;239.00
2023-07-30 02:39:06;3.91;239.00
2023-07-30 02:40:05;3.91;239.00
2023-07-30 02:41:08;3.91;239.00
2023-07-30 02:42:07;3.91;239.00
2023-07-30 02:43:05;3.91;239.00
2023-07-30 02:44:08;3.91;239.00
2023-07-30 02:45:07;3.90;239.00
2023-07-30 02:46:05;3.91;239.00
2023-07-30 02:47:04;3.91;239.00
2023-07-30 02:48:07;3.91;239.00
2023-07-30 02:49:06;3.91;239.00
2023-07-30 02:50:04;3.91;239.00
2023-07-30 02:51:07;3.91;239.00
2023-07-30 02:52:06;3.91;239.00
2023-07-30 02:53:04;3.91;238.00
2023-07-30 02:54:08;3.91;239.00
2023-07-30 02:55:06;3.91;239.00
2023-07-30 02:56:05;3.91;239.00
2023-07-30 02:57:08;3.91;239.00
2023-07-30 02:58:06;3.91;239.00
2023-07-30 02:59:05;3.91;239.00
2023-07-30 03:00:08;3.91;239.00
2023-07-30 03:01:07;3.91;239.00
2023-07-30 03:02:05;3.91;239.00
2023-07-30 03:03:08;3.91;239.00
2023-07-30 03:04:07;3.91;239.00
2023-07-30 03:05:05;3.91;239.00
2023-07-30 03:06:09;3.91;239.00
2023-07-30 03:07:07;3.91;239.00
2023-07-30 03:08:06;3.91;239.00
2023-07-30 03:09:04;3.91;239.00
2023-07-30 03:10:07;3.91;239.00
2023-07-30 03:11:06;3.91;239.00
2023-07-30 03:12:04;3.91;239.00
2023-07-30 03:13:08;3.91;239.00
2023-07-30 03:14:06;3.91;239.00
2023-07-30 03:15:05;3.91;239.00
2023-07-30 03:16:08;3.91;239.00
2023-07-30 03:17:06;3.91;239.00
2023-07-30 03:18:05;3.91;239.00
2023-07-30 03:19:08;3.91;239.00
2023-07-30 03:20:07;3.91;239.00
2023-07-30 03:21:05;3.91;239.00
2023-07-30 03:22:08;3.91;239.00
2023-07-30 03:23:07;3.91;239.00
2023-07-30 03:24:05;3.91;239.00
2023-07-30 03:25:08;3.91;239.00
2023-07-30 03:26:07;3.91;239.00
2023-07-30 03:27:06;3.91;239.00
2023-07-30 03:28:04;3.91;239.00
2023-07-30 03:29:07;3.91;239.00
2023-07-30 03:30:06;3.91;239.00
2023-07-30 03:31:04;3.91;239.00
2023-07-30 03:32:07;3.91;239.00
2023-07-30 03:33:06;3.91;239.00
2023-07-30 03:34:05;3.91;239.00
2023-07-30 03:35:08;3.91;239.00
2023-07-30 03:36:06;3.91;239.00
2023-07-30 03:37:05;3.91;239.00
2023-07-30 03:38:08;3.91;239.00
2023-07-30 03:39:06;3.91;239.00
2023-07-30 03:40:05;3.91;239.00
2023-07-30 03:41:08;3.91;239.00
2023-07-30 03:42:07;3.91;239.00
2023-07-30 03:43:05;3.91;239.00
2023-07-30 03:44:08;3.91;239.00
2023-07-30 03:45:07;3.91;239.00
2023-07-30 03:46:05;3.91;239.00
2023-07-30 03:47:04;3.91;239.00
2023-07-30 03:48:07;3.91;239.00
2023-07-30 03:49:06;3.91;239.00
2023-07-30 03:50:04;3.91;239.00
2023-07-30 03:51:07;3.91;239.00
2023-07-30 03:52:06;3.91;239.00
2023-07-30 03:53:04;3.91;239.00
2023-07-30 03:54:08;3.91;239.00
2023-07-30 03:55:06;3.91;239.00
2023-07-30 03:56:05;3.91;239.00
2023-07-30 03:57:08;3.91;239.00
2023-07-30 03:58:06;3.91;239.00
2023-07-30 03:59:05;3.91;239.00
2023-07-30 04:00:08;3.91;239.00
2023-07-30 04:01:07;3.91;239.00
2023-07-30 04:02:05;3.91;239.00
2023-07-30 04:03:08;3.91;239.00
2023-07-30 04:04:07;3.91;239.00
2023-07-30 04:05:05;3.91;239.00
2023-07-30 04:06:04;3.91;239.00
2023-07-30 04:07:07;3.91;239.00
2023-07-30 04:08:06;3.91;239.00
2023-07-30 04:09:04;3.91;239.00
2023-07-30 04:10:07;3.91;239.00
2023-07-30 04:11:06;3.91;239.00
2023-07-30 04:12:04;3.91;239.00
2023-07-30 04:13:08;3.91;239.00
2023-07-30 04:14:06;3.91;239.00
2023-07-30 04:15:05;3.91;239.00
2023-07-30 04:16:08;3.91;239.00
2023-07-30 04:17:06;3.91;239.00
2023-07-30 04:18:05;3.91;239.00
2023-07-30 04:19:08;3.91;239.00
2023-07-30 04:20:07;3.91;239.00
2023-07-30 04:21:05;3.91;239.00
2023-07-30 04:22:08;3.91;239.00
2023-07-30 04:23:07;3.91;239.00
2023-07-30 04:24:05;3.91;239.00
2023-07-30 04:25:08;3.91;239.00
2023-07-30 04:26:07;3.91;239.00
2023-07-30 04:27:05;3.91;239.00
2023-07-30 04:28:04;3.91;239.00
2023-07-30 04:29:07;3.91;239.00
2023-07-30 04:30:06;3.91;239.00
2023-07-30 04:31:04;3.91;239.00
2023-07-30 04:32:07;3.91;239.00
2023-07-30 04:33:06;3.91;239.00
2023-07-30 04:34:04;3.91;239.00
2023-07-30 04:35:08;3.91;239.00
2023-07-30 04:36:06;3.91;239.00
2023-07-30 04:37:05;3.91;239.00
2023-07-30 04:38:08;3.91;239.00
2023-07-30 04:39:06;3.91;239.00
2023-07-30 04:40:05;3.91;239.00
2023-07-30 04:41:08;3.91;239.00
2023-07-30 04:42:06;3.91;239.00
2023-07-30 04:43:05;3.91;239.00
2023-07-30 04:44:08;3.91;239.00
2023-07-30 04:45:07;3.91;239.00
2023-07-30 04:46:05;3.91;239.00
2023-07-30 04:47:08;3.91;239.00
2023-07-30 04:48:07;3.91;239.00
2023-07-30 04:49:05;3.91;239.00
2023-07-30 04:50:08;3.91;239.00
2023-07-30 04:51:07;3.91;239.00
2023-07-30 04:52:05;3.91;239.00
2023-07-30 04:53:04;3.91;239.00
2023-07-30 04:54:07;3.91;239.00
2023-07-30 04:55:06;3.91;239.00
2023-07-30 04:56:04;3.91;239.00
2023-07-30 04:57:07;3.91;239.00
2023-07-30 04:58:06;3.91;239.00
2023-07-30 04:59:04;3.91;239.00
2023-07-30 05:00:07;3.91;239.00
2023-07-30 05:01:06;3.91;239.00
2023-07-30 05:02:04;3.91;239.00
2023-07-30 05:03:08;3.91;239.00
2023-07-30 05:04:06;3.91;239.00
2023-07-30 05:05:05;3.91;239.00
2023-07-30 05:06:08;3.91;239.00
2023-07-30 05:07:06;3.91;239.00
2023-07-30 05:08:05;3.91;239.00
2023-07-30 05:09:08;3.91;239.00
2023-07-30 05:10:06;3.91;239.00
2023-07-30 05:11:05;3.91;239.00
2023-07-30 05:12:08;3.91;239.00
2023-07-30 05:13:07;3.91;239.00
2023-07-30 05:14:05;3.91;239.00
2023-07-30 05:15:08;3.91;239.00
2023-07-30 05:16:07;3.91;239.00
2023-07-30 05:17:05;3.91;239.00
2023-07-30 05:18:08;3.91;239.00
2023-07-30 05:19:07;3.91;239.00
2023-07-30 05:20:05;3.91;239.00
2023-07-30 05:21:08;3.91;239.00
2023-07-30 05:22:07;3.91;239.00
2023-07-30 05:23:05;3.91;239.00
2023-07-30 05:24:04;3.91;239.00
2023-07-30 05:25:07;3.91;239.00
2023-07-30 05:26:06;3.91;239.00
2023-07-30 05:27:04;3.91;239.00
2023-07-30 05:28:07;3.91;239.00
2023-07-30 05:29:06;3.91;239.00
2023-07-30 05:30:04;3.91;239.00
2023-07-30 05:31:07;3.91;239.00
2023-07-30 05:32:06;3.91;239.00
2023-07-30 05:33:04;3.91;239.00
2023-07-30 05:34:08;3.91;240.00
2023-07-30 05:35:06;3.91;240.00
2023-07-30 05:36:05;3.91;240.00
2023-07-30 05:37:08;3.91;240.00
2023-07-30 05:38:06;3.91;240.00
2023-07-30 05:39:05;3.91;240.00
2023-07-30 05:40:08;3.91;240.00
2023-07-30 05:41:06;3.91;240.00
2023-07-30 05:42:05;3.91;240.00
2023-07-30 05:43:08;3.91;240.00
2023-07-30 05:44:06;3.91;240.00
2023-07-30 05:45:05;3.91;240.00
2023-07-30 05:46:08;3.91;240.00
2023-07-30 05:47:07;3.91;240.00
2023-07-30 05:48:05;3.91;240.00
2023-07-30 05:49:08;3.91;240.00
2023-07-30 05:50:07;3.91;240.00
2023-07-30 05:51:05;3.91;240.00
2023-07-30 05:52:08;3.91;240.00
2023-07-30 05:53:07;3.91;240.00
2023-07-30 05:54:05;3.91;240.00
2023-07-30 05:55:08;3.91;240.00
2023-07-30 05:56:07;3.91;240.00
2023-07-30 05:57:05;3.91;240.00
2023-07-30 05:58:04;3.91;240.00
2023-07-30 05:59:07;3.91;240.00
2023-07-30 06:00:06;3.91;240.00
2023-07-30 06:01:04;3.91;240.00
2023-07-30 06:02:07;3.91;240.00
2023-07-30 06:03:06;3.91;240.00
2023-07-30 06:04:04;3.91;240.00
2023-07-30 06:05:07;3.91;240.00
2023-07-30 06:06:06;3.91;240.00
2023-07-30 06:07:04;3.91;240.00
2023-07-30 06:08:07;3.91;240.00
2023-07-30 06:09:06;3.91;240.00
2023-07-30 06:10:04;3.91;240.00
2023-07-30 06:11:08;3.91;240.00
2023-07-30 06:12:06;3.91;240.00
2023-07-30 06:13:05;3.91;240.00
2023-07-30 06:14:08;3.91;240.00
2023-07-30 06:15:06;3.91;240.00
2023-07-30 06:16:05;3.91;240.00
2023-07-30 06:17:08;3.90;240.00
2023-07-30 06:18:06;3.91;239.00
2023-07-30 06:19:05;3.91;240.00
2023-07-30 06:20:08;3.91;239.00
2023-07-30 06:21:06;3.91;239.00
2023-07-30 06:22:05;3.91;239.00
2023-07-30 06:23:08;3.91;239.00
2023-07-30 06:24:07;3.91;239.00
2023-07-30 06:25:05;3.91;239.00
2023-07-30 06:26:08;3.91;239.00
2023-07-30 06:27:07;3.91;239.00
2023-07-30 06:28:05;3.91;239.00
2023-07-30 06:29:08;3.91;239.00
2023-07-30 06:30:07;3.91;239.00
2023-07-30 06:31:05;3.91;239.00
2023-07-30 06:32:08;3.91;239.00
2023-07-30 06:33:07;3.91;239.00
2023-07-30 06:34:05;3.90;239.00
2023-07-30 06:35:09;3.91;239.00
2023-07-30 06:36:07;3.90;239.00
2023-07-30 06:37:06;3.90;239.00
2023-07-30 06:38:04;3.91;239.00
2023-07-30 06:39:07;3.90;239.00
2023-07-30 06:40:06;3.90;239.00
2023-07-30 06:41:04;3.90;239.00
2023-07-30 06:42:07;3.90;239.00
2023-07-30 06:43:06;3.91;239.00
2023-07-30 06:44:04;3.91;239.00
2023-07-30 06:45:07;3.91;239.00
2023-07-30 06:46:06;3.91;239.00
2023-07-30 06:47:04;3.91;239.00
2023-07-30 06:48:07;3.91;239.00
2023-07-30 06:49:06;3.90;239.00
2023-07-30 06:50:04;3.90;239.00
2023-07-30 06:51:08;3.91;239.00
2023-07-30 06:52:06;3.90;239.00
2023-07-30 06:53:05;3.90;239.00
2023-07-30 06:54:08;3.90;239.00
2023-07-30 06:55:06;3.90;239.00
2023-07-30 06:56:05;3.91;239.00
2023-07-30 06:57:08;3.90;239.00
2023-07-30 06:58:06;3.91;239.00
2023-07-30 06:59:05;3.90;239.00
2023-07-30 07:00:08;3.91;239.00
2023-07-30 07:01:06;3.90;239.00
2023-07-30 07:02:05;3.90;239.00
2023-07-30 07:03:08;3.90;239.00
2023-07-30 07:04:06;3.90;239.00
2023-07-30 07:05:05;3.90;239.00
2023-07-30 07:06:08;3.90;239.00
2023-07-30 07:07:07;3.90;239.00
2023-07-30 07:08:05;3.90;239.00
2023-07-30 07:09:08;3.91;239.00
2023-07-30 07:10:07;3.91;239.00
2023-07-30 07:11:05;3.90;239.00
2023-07-30 07:12:08;3.90;239.00
2023-07-30 07:13:07;3.90;239.00
2023-07-30 07:14:05;3.90;239.00
2023-07-30 07:15:08;3.91;239.00
2023-07-30 07:16:07;3.90;239.00
2023-07-30 07:17:05;3.90;239.00
2023-07-30 07:18:08;3.90;239.00
2023-07-30 07:19:07;3.90;239.00
2023-07-30 07:20:05;3.90;239.00
2023-07-30 07:21:09;3.90;239.00
2023-07-30 07:22:07;3.91;239.00
2023-07-30 07:23:06;3.90;239.00
2023-07-30 07:24:04;3.90;239.00
2023-07-30 07:25:07;3.90;239.00
2023-07-30 07:26:06;3.90;239.00
2023-07-30 07:27:04;3.90;239.00
2023-07-30 07:28:07;3.90;239.00
2023-07-30 07:29:06;3.90;239.00
2023-07-30 07:30:04;3.90;239.00
2023-07-30 07:31:07;3.90;239.00
2023-07-30 07:32:06;3.90;239.00
2023-07-30 07:33:04;3.90;239.00
2023-07-30 07:34:07;3.90;239.00
2023-07-30 07:35:06;3.90;239.00
2023-07-30 07:36:04;3.90;239.00
2023-07-30 07:37:08;3.90;239.00
2023-07-30 07:38:06;3.90;239.00
2023-07-30 07:39:05;3.90;239.00
2023-07-30 07:40:08;3.90;239.00
2023-07-30 07:41:06;3.90;239.00
2023-07-30 07:42:05;3.90;239.00
2023-07-30 07:43:08;3.90;239.00
2023-07-30 07:44:06;3.90;239.00
2023-07-30 07:45:05;3.90;239.00
2023-07-30 07:46:08;3.90;239.00
2023-07-30 07:47:06;3.90;239.00
2023-07-30 07:48:05;3.90;239.00
2023-07-30 07:49:08;3.90;239.00
2023-07-30 07:50:06;3.90;239.00
2023-07-30 07:51:05;3.90;239.00
2023-07-30 07:52:08;3.90;239.00
2023-07-30 07:53:07;3.90;239.00
2023-07-30 07:54:05;3.90;239.00
2023-07-30 07:55:08;3.91;239.00
2023-07-30 07:56:07;3.90;239.00
2023-07-30 07:57:05;3.90;239.00
2023-07-30 07:58:08;3.90;239.00
2023-07-30 07:59:07;3.90;239.00
2023-07-30 08:00:05;3.90;239.00
2023-07-30 08:01:08;3.90;239.00
2023-07-30 08:02:07;3.90;239.00
2023-07-30 08:03:05;3.90;239.00
2023-07-30 08:04:08;3.90;239.00
2023-07-30 08:05:07;3.90;239.00
2023-07-30 08:06:05;3.90;239.00
2023-07-30 08:07:09;3.90;239.00
2023-07-30 08:08:07;3.90;239.00
2023-07-30 08:09:05;3.90;239.00
2023-07-30 08:10:04;3.90;239.00
2023-07-30 08:11:07;3.90;239.00
2023-07-30 08:12:06;3.90;239.00
2023-07-30 08:13:04;3.90;239.00
2023-07-30 08:14:07;3.90;239.00
2023-07-30 08:15:06;3.90;239.00
2023-07-30 08:16:04;3.89;239.00
2023-07-30 08:17:07;3.90;239.00
2023-07-30 08:18:06;3.90;239.00
2023-07-30 08:19:04;3.88;239.00
2023-07-30 08:20:07;3.89;239.00
2023-07-30 08:21:06;3.90;239.00
2023-07-30 08:22:04;3.89;239.00
2023-07-30 08:23:08;3.90;239.00
2023-07-30 08:24:06;3.90;239.00
2023-07-30 08:25:04;3.90;239.00
2023-07-30 08:26:08;3.89;239.00
2023-07-30 08:27:06;3.90;239.00
2023-07-30 08:28:05;3.90;239.00
2023-07-30 08:29:08;3.90;239.00
2023-07-30 08:30:06;3.90;239.00
2023-07-30 08:31:05;3.89;239.00
2023-07-30 08:32:08;3.90;239.00
2023-07-30 08:33:06;3.89;239.00
2023-07-30 08:34:05;3.90;239.00
2023-07-30 08:35:08;3.88;239.00
2023-07-30 08:36:06;3.90;239.00
2023-07-30 08:37:05;3.90;239.00
2023-07-30 08:38:08;3.90;239.00
2023-07-30 08:39:07;3.90;239.00
2023-07-30 08:40:05;3.90;239.00
2023-07-30 08:41:08;3.90;239.00
2023-07-30 08:42:07;3.90;239.00
2023-07-30 08:43:05;3.90;239.00
2023-07-30 08:44:08;3.90;240.00
2023-07-30 08:45:07;3.90;240.00
2023-07-30 08:46:05;3.90;239.00
2023-07-30 08:47:09;3.90;239.00
2023-07-30 08:48:07;3.90;239.00
2023-07-30 08:49:06;3.90;239.00
2023-07-30 08:50:04;3.90;239.00
2023-07-30 08:51:07;3.90;239.00
2023-07-30 08:52:06;3.90;239.00
2023-07-30 08:53:04;3.91;239.00
2023-07-30 08:54:07;3.90;239.00
2023-07-30 08:55:06;3.90;238.00
2023-07-30 08:56:04;3.90;238.00
2023-07-30 08:57:08;3.90;238.00
2023-07-30 08:58:06;3.90;238.00
2023-07-30 08:59:05;3.90;238.00
2023-07-30 09:00:08;3.90;238.00
2023-07-30 09:01:06;3.90;238.00
2023-07-30 09:02:05;3.90;238.00
2023-07-30 09:03:08;3.91;238.00
2023-07-30 09:04:06;3.92;238.00
2023-07-30 09:05:05;3.94;238.00
2023-07-30 09:06:08;3.93;238.00
2023-07-30 09:07:07;3.93;238.00
2023-07-30 09:08:05;3.92;238.00
2023-07-30 09:09:08;3.92;238.00
2023-07-30 09:10:07;3.92;238.00
2023-07-30 09:11:05;3.92;238.00
2023-07-30 09:12:04;3.91;238.00
2023-07-30 09:13:07;3.92;238.00
2023-07-30 09:14:06;3.91;238.00
2023-07-30 09:15:04;3.91;238.00
2023-07-30 09:16:07;3.91;238.00
2023-07-30 09:17:06;3.91;238.00
2023-07-30 09:18:05;3.92;238.00
2023-07-30 09:19:08;3.91;238.00
2023-07-30 09:20:06;3.91;238.00
2023-07-30 09:21:05;3.92;238.00
2023-07-30 09:22:08;3.92;238.00
2023-07-30 09:23:07;3.91;238.00
2023-07-30 09:24:05;3.92;238.00
2023-07-30 09:25:08;3.92;238.00
2023-07-30 09:26:07;3.93;238.00
2023-07-30 09:27:05;3.92;238.00
2023-07-30 09:28:04;3.92;238.00
2023-07-30 09:29:07;3.92;238.00
2023-07-30 09:30:06;3.91;238.00
2023-07-30 09:31:04;3.92;238.00
2023-07-30 09:32:08;3.92;238.00
2023-07-30 09:33:06;3.92;238.00
2023-07-30 09:34:05;3.92;238.00
2023-07-30 09:35:08;3.92;238.00
2023-07-30 09:36:07;3.91;238.00
2023-07-30 09:37:05;3.91;239.00
2023-07-30 09:38:08;3.91;238.00
2023-07-30 09:39:07;3.92;238.00
2023-07-30 09:40:06;3.91;238.00
2023-07-30 09:41:04;3.91;238.00
2023-07-30 09:42:07;3.91;238.00
2023-07-30 09:43:06;3.91;238.00
2023-07-30 09:44:05;3.91;237.00
2023-07-30 09:45:08;3.92;237.00
2023-07-30 09:46:06;3.91;237.00
2023-07-30 09:47:05;3.92;237.00
2023-07-30 09:48:08;3.92;237.00
2023-07-30 09:49:07;3.92;237.00
2023-07-30 09:50:05;3.93;237.00
2023-07-30 09:51:04;3.92;237.00
2023-07-30 09:52:07;3.92;237.00
2023-07-30 09:53:06;3.93;237.00
2023-07-30 09:54:05;3.93;237.00
2023-07-30 09:55:08;3.93;237.00
2023-07-30 09:56:06;3.93;237.00
2023-07-30 09:57:05;3.92;237.00
2023-07-30 09:58:08;3.92;237.00
2023-07-30 09:59:07;3.94;237.00
2023-07-30 10:00:06;3.92;237.00
2023-07-30 10:01:04;3.93;237.00
2023-07-30 10:02:07;3.93;237.00
2023-07-30 10:03:06;3.93;237.00
2023-07-30 10:04:05;3.93;237.00
2023-07-30 10:05:08;3.94;237.00
2023-07-30 10:06:07;3.93;237.00
2023-07-30 10:07:05;3.93;237.00
2023-07-30 10:08:09;3.93;237.00
2023-07-30 10:09:07;3.94;237.00
2023-07-30 10:10:06;3.93;237.00
2023-07-30 10:11:04;3.92;237.00
2023-07-30 10:12:08;3.93;237.00
2023-07-30 10:13:06;3.93;237.00
2023-07-30 10:14:05;3.93;237.00
2023-07-30 10:15:08;3.93;237.00
2023-07-30 10:16:07;3.93;237.00
2023-07-30 10:17:06;3.93;237.00
2023-07-30 10:18:04;3.93;237.00
2023-07-30 10:19:08;3.93;237.00
2023-07-30 10:20:07;3.95;237.00
2023-07-30 10:21:05;3.93;238.00
2023-07-30 10:22:09;3.94;237.00
2023-07-30 10:23:07;3.94;237.00
2023-07-30 10:24:06;3.93;237.00
2023-07-30 10:25:05;3.94;237.00
2023-07-30 10:26:08;3.93;237.00
2023-07-30 10:27:07;3.94;236.00
2023-07-30 10:28:05;3.93;236.00
2023-07-30 10:29:04;3.94;236.00
2023-07-30 10:30:08;3.94;236.00
2023-07-30 10:31:06;3.94;236.00
2023-07-30 10:32:05;3.94;236.00
2023-07-30 10:33:08;3.94;236.00
2023-07-30 10:34:07;3.94;236.00
2023-07-30 10:35:06;3.94;236.00
2023-07-30 10:36:05;3.94;236.00
2023-07-30 10:37:08;3.94;236.00
2023-07-30 10:38:07;3.94;236.00
2023-07-30 10:39:05;3.94;236.00
2023-07-30 10:40:04;3.93;236.00
2023-07-30 10:41:08;3.93;236.00
2023-07-30 10:42:06;3.93;236.00
2023-07-30 10:43:05;3.92;236.00
2023-07-30 10:44:08;3.91;236.00
2023-07-30 10:45:07;3.95;236.00
2023-07-30 10:46:06;3.93;236.00
2023-07-30 10:47:05;3.93;236.00
2023-07-30 10:48:08;3.95;236.00
2023-07-30 10:49:07;3.94;236.00
2023-07-30 10:50:06;3.94;236.00
2023-07-30 10:51:04;3.94;236.00
2023-07-30 10:52:08;3.94;236.00
2023-07-30 10:53:06;3.92;236.00
2023-07-30 10:54:05;3.95;236.00
2023-07-30 10:55:09;3.94;236.00
2023-07-30 10:56:07;3.94;236.00
2023-07-30 10:57:06;3.94;236.00
2023-07-30 10:58:05;3.95;236.00
2023-07-30 10:59:08;3.94;236.00
2023-07-30 11:00:07;3.95;236.00
2023-07-30 11:01:06;3.94;236.00
2023-07-30 11:02:04;3.94;236.00
2023-07-30 11:03:08;3.94;236.00
2023-07-30 11:04:07;3.96;236.00
2023-07-30 11:05:05;3.93;236.00
2023-07-30 11:06:04;3.94;236.00
2023-07-30 11:07:08;3.95;236.00
2023-07-30 11:08:06;3.95;236.00
2023-07-30 11:09:05;3.94;236.00
2023-07-30 11:10:09;3.95;236.00
2023-07-30 11:11:07;3.94;236.00
2023-07-30 11:12:06;3.94;236.00
2023-07-30 11:13:05;3.94;236.00
2023-07-30 11:14:08;3.94;236.00
2023-07-30 11:15:07;3.94;236.00
2023-07-30 11:16:06;3.94;236.00
2023-07-30 11:17:05;3.95;236.00
2023-07-30 11:18:08;3.94;236.00
2023-07-30 11:19:07;3.94;236.00
2023-07-30 11:20:06;3.94;236.00
2023-07-30 11:21:05;3.94;236.00
2023-07-30 11:22:08;3.94;236.00
2023-07-30 11:23:07;3.93;236.00
2023-07-30 11:24:06;3.94;236.00
2023-07-30 11:25:05;3.94;236.00
2023-07-30 11:26:08;3.94;236.00
2023-07-30 11:27:07;3.95;236.00
2023-07-30 11:28:06;3.94;236.00
2023-07-30 11:29:05;3.94;236.00
2023-07-30 11:30:08;3.94;236.00
2023-07-30 11:31:07;3.94;236.00
2023-07-30 11:32:06;3.96;236.00
2023-07-30 11:33:05;3.95;236.00
2023-07-30 11:34:08;3.93;236.00
2023-07-30 11:35:07;3.94;236.00
2023-07-30 11:36:06;3.93;236.00
2023-07-30 11:37:05;3.93;236.00
2023-07-30 11:38:08;3.93;236.00
2023-07-30 11:39:07;3.93;236.00
2023-07-30 11:40:06;3.94;236.00
2023-07-30 11:41:05;3.94;236.00
2023-07-30 11:42:08;3.95;236.00
2023-07-30 11:43:07;3.95;236.00
2023-07-30 11:44:06;3.94;236.00
2023-07-30 11:45:05;3.94;236.00
2023-07-30 11:46:08;3.94;236.00
2023-07-30 11:47:07;3.94;236.00
2023-07-30 11:48:06;3.94;236.00
2023-07-30 11:49:04;3.94;236.00
2023-07-30 11:50:08;3.94;236.00
2023-07-30 11:51:07;3.94;236.00
2023-07-30 11:52:06;3.95;236.00
2023-07-30 11:53:04;3.95;236.00
2023-07-30 11:54:08;3.95;236.00
2023-07-30 11:55:07;3.95;235.00
2023-07-30 11:56:06;3.95;235.00
2023-07-30 11:57:04;3.95;235.00
2023-07-30 11:58:08;3.95;235.00
2023-07-30 11:59:07;3.95;235.00
2023-07-30 12:00:06;3.95;236.00
2023-07-30 12:01:05;3.95;235.00
2023-07-30 12:02:08;3.94;236.00
2023-07-30 12:03:07;3.94;235.00
2023-07-30 12:04:06;3.94;236.00
2023-07-30 12:05:05;3.95;236.00
2023-07-30 12:06:09;3.95;235.00
2023-07-30 12:07:07;3.95;236.00
2023-07-30 12:08:06;3.95;236.00
2023-07-30 12:09:05;3.95;236.00
2023-07-30 12:10:09;3.95;236.00
2023-07-30 12:11:08;3.95;236.00
2023-07-30 12:12:07;3.95;236.00
2023-07-30 12:13:06;3.94;236.00
2023-07-30 12:14:05;3.95;236.00
2023-07-30 12:15:08;3.93;235.00
2023-07-30 12:16:07;3.95;235.00
2023-07-30 12:17:06;3.95;235.00
2023-07-30 12:18:05;3.95;235.00
2023-07-30 12:19:09;3.95;235.00
2023-07-30 12:20:08;3.95;235.00
2023-07-30 12:21:07;3.95;235.00
2023-07-30 12:22:06;3.95;235.00
2023-07-30 12:23:05;3.95;235.00
2023-07-30 12:24:09;3.95;235.00
2023-07-30 12:25:07;3.96;235.00
2023-07-30 12:26:06;3.96;235.00
2023-07-30 12:27:05;3.96;235.00
2023-07-30 12:28:09;3.95;235.00
2023-07-30 12:29:08;3.95;235.00
2023-07-30 12:30:07;3.95;235.00
2023-07-30 12:31:06;3.96;235.00
2023-07-30 12:32:05;3.96;235.00
2023-07-30 12:33:08;3.96;235.00
2023-07-30 12:34:07;3.95;235.00
2023-07-30 12:35:06;3.95;235.00
2023-07-30 12:36:05;3.94;235.00
2023-07-30 12:37:09;3.96;235.00
2023-07-30 12:38:08;3.95;235.00
2023-07-30 12:39:06;3.95;235.00
2023-07-30 12:40:05;3.96;235.00
2023-07-30 12:41:09;3.96;235.00
2023-07-30 12:42:08;3.96;235.00
2023-07-30 12:43:07;3.96;235.00
2023-07-30 12:44:06;3.96;235.00
2023-07-30 12:45:05;3.95;235.00
2023-07-30 12:46:08;3.96;235.00
2023-07-30 12:47:07;3.96;235.00
2023-07-30 12:48:06;3.95;235.00
2023-07-30 12:49:05;3.96;235.00
2023-07-30 12:50:09;3.95;235.00
2023-07-30 12:51:08;3.95;235.00
2023-07-30 12:52:06;3.96;235.00
2023-07-30 12:53:05;3.96;235.00
2023-07-30 12:54:09;3.95;235.00
2023-07-30 12:55:08;3.96;235.00
2023-07-30 12:56:07;3.96;235.00
2023-07-30 12:57:06;3.96;235.00
2023-07-30 12:58:05;3.96;235.00
2023-07-30 12:59:08;3.95;235.00
2023-07-30 13:00:07;3.95;235.00
2023-07-30 13:01:06;3.95;235.00
2023-07-30 13:02:05;3.95;235.00
2023-07-30 13:03:09;3.95;235.00
2023-07-30 13:04:08;3.95;235.00
2023-07-30 13:05:07;3.95;235.00
2023-07-30 13:06:06;3.95;235.00
2023-07-30 13:07:05;3.95;235.00
2023-07-30 13:08:08;3.95;235.00
2023-07-30 13:09:07;3.96;235.00
2023-07-30 13:10:06;3.96;235.00
2023-07-30 13:11:05;3.96;234.00
2023-07-30 13:12:09;3.95;234.00
2023-07-30 13:13:08;3.95;234.00
2023-07-30 13:14:07;3.95;234.00
2023-07-30 13:15:06;3.95;234.00
2023-07-30 13:16:05;3.95;234.00
2023-07-30 13:17:08;3.95;235.00
2023-07-30 13:18:07;3.95;235.00
2023-07-30 13:19:07;3.95;234.00
2023-07-30 13:20:06;3.96;235.00
2023-07-30 13:21:05;3.96;235.00
2023-07-30 13:22:08;3.95;234.00
2023-07-30 13:23:07;3.95;234.00
2023-07-30 13:24:06;3.96;235.00
2023-07-30 13:25:05;3.96;234.00
2023-07-30 13:26:09;3.96;234.00
2023-07-30 13:27:08;3.96;234.00
2023-07-30 13:28:07;3.96;234.00
2023-07-30 13:29:06;3.96;234.00
2023-07-30 13:30:05;3.97;234.00
2023-07-30 13:31:09;3.96;234.00
2023-07-30 13:32:08;3.96;234.00
2023-07-30 13:33:07;3.95;234.00
2023-07-30 13:34:06;3.95;234.00
2023-07-30 13:35:06;3.96;235.00
2023-07-30 13:36:05;3.96;235.00
2023-07-30 13:37:09;3.96;234.00
2023-07-30 13:38:08;3.96;234.00
2023-07-30 13:39:07;3.96;234.00
2023-07-30 13:40:06;3.96;234.00
2023-07-30 13:41:05;3.96;234.00
2023-07-30 13:42:09;3.96;233.00
2023-07-30 13:43:08;3.95;234.00
2023-07-30 13:44:07;3.96;235.00
2023-07-30 13:45:07;3.96;234.00
2023-07-30 13:46:06;3.96;234.00
2023-07-30 13:47:05;3.94;234.00
2023-07-30 13:48:09;3.96;234.00
2023-07-30 13:49:08;3.96;234.00
2023-07-30 13:50:07;3.96;234.00
2023-07-30 13:51:06;3.95;234.00
2023-07-30 13:52:06;3.96;234.00
2023-07-30 13:53:05;3.95;234.00
2023-07-30 13:54:09;3.95;234.00
2023-07-30 13:55:08;3.96;234.00
2023-07-30 13:56:07;3.96;234.00
2023-07-30 13:57:06;3.96;234.00
2023-07-30 13:58:05;3.96;234.00
2023-07-30 13:59:05;3.96;234.00
2023-07-30 14:00:09;3.95;234.00
2023-07-30 14:01:08;3.95;234.00
2023-07-30 14:02:07;3.96;234.00
2023-07-30 14:03:06;3.95;234.00
2023-07-30 14:04:05;3.96;234.00
2023-07-30 14:05:09;3.95;234.00
2023-07-30 14:06:09;3.96;234.00
2023-07-30 14:07:08;3.96;234.00
2023-07-30 14:08:07;3.96;234.00
2023-07-30 14:09:06;3.96;234.00
2023-07-30 14:10:05;3.95;234.00
2023-07-30 14:11:09;3.96;234.00
2023-07-30 14:12:09;3.96;234.00
2023-07-30 14:13:08;3.96;234.00
2023-07-30 14:14:07;3.96;234.00
2023-07-30 14:15:06;3.96;234.00
2023-07-30 14:16:05;3.96;234.00
2023-07-30 14:17:09;3.96;234.00
2023-07-30 14:18:09;3.96;234.00
2023-07-30 14:19:08;3.96;234.00
2023-07-30 14:20:07;3.96;234.00
2023-07-30 14:21:06;3.96;234.00
2023-07-30 14:22:05;3.96;234.00
2023-07-30 14:23:05;3.96;234.00
2023-07-30 14:24:09;3.96;234.00
2023-07-30 14:25:08;3.96;234.00
2023-07-30 14:26:07;3.97;234.00
2023-07-30 14:27:06;3.96;234.00
2023-07-30 14:28:06;3.96;234.00
2023-07-30 14:29:05;3.96;234.00
2023-07-30 14:30:09;3.96;234.00
2023-07-30 14:31:08;3.96;235.00
2023-07-30 14:32:07;3.97;234.00
2023-07-30 14:33:06;3.96;234.00
2023-07-30 14:34:05;3.96;234.00
2023-07-30 14:35:05;3.97;234.00
2023-07-30 14:36:09;3.96;234.00
2023-07-30 14:37:08;3.96;234.00
2023-07-30 14:38:07;3.96;234.00
2023-07-30 14:39:06;3.96;234.00
2023-07-30 14:40:05;3.96;234.00
2023-07-30 14:41:05;3.96;234.00
2023-07-30 14:42:09;3.96;234.00
2023-07-30 14:43:08;3.96;235.00
2023-07-30 14:44:07;3.96;234.00
2023-07-30 14:45:06;3.96;234.00
2023-07-30 14:46:06;3.96;234.00
2023-07-30 14:47:05;3.96;234.00
2023-07-30 14:48:09;3.96;234.00
2023-07-30 14:49:08;3.96;234.00
2023-07-30 14:50:07;3.96;234.00
2023-07-30 14:51:07;3.96;234.00
2023-07-30 14:52:06;3.96;234.00
2023-07-30 14:53:05;3.96;233.00
2023-07-30 14:54:09;3.96;234.00
2023-07-30 14:55:08;3.96;233.00
2023-07-30 14:56:08;3.96;234.00
2023-07-30 14:57:07;3.96;234.00
2023-07-30 14:58:06;3.96;234.00
2023-07-30 14:59:06;3.96;233.00
2023-07-30 15:00:05;3.95;234.00
2023-07-30 15:01:09;3.96;234.00
2023-07-30 15:02:08;3.96;234.00
2023-07-30 15:03:07;3.96;234.00
2023-07-30 15:04:07;3.95;234.00
2023-07-30 15:05:06;3.96;234.00
2023-07-30 15:06:05;3.96;234.00
2023-07-30 15:07:09;3.96;234.00
2023-07-30 15:08:09;3.96;234.00
2023-07-30 15:09:08;3.96;234.00
2023-07-30 15:10:07;3.96;235.00
2023-07-30 15:11:06;3.96;234.00
2023-07-30 15:12:05;3.97;234.00
2023-07-30 15:13:05;3.96;234.00
2023-07-30 15:14:09;3.96;234.00
2023-07-30 15:15:08;3.96;234.00
2023-07-30 15:16:07;3.97;234.00
2023-07-30 15:17:06;3.96;234.00
2023-07-30 15:18:06;3.96;235.00
2023-07-30 15:19:05;3.96;234.00
2023-07-30 15:20:09;3.96;234.00
2023-07-30 15:21:08;3.96;234.00
2023-07-30 15:22:07;3.96;235.00
2023-07-30 15:23:07;3.96;234.00
2023-07-30 15:24:06;3.96;234.00
2023-07-30 15:25:05;3.96;235.00
2023-07-30 15:26:09;3.96;234.00
2023-07-30 15:27:08;3.96;234.00
2023-07-30 15:28:08;3.97;235.00
2023-07-30 15:29:07;3.96;234.00
2023-07-30 15:30:06;3.96;234.00
2023-07-30 15:31:05;3.97;234.00
2023-07-30 15:32:09;3.96;234.00
2023-07-30 15:33:09;3.96;234.00
2023-07-30 15:34:08;3.96;234.00
2023-07-30 15:35:07;3.96;235.00
2023-07-30 15:36:06;3.96;234.00
2023-07-30 15:37:06;3.96;234.00
2023-07-30 15:38:05;3.96;234.00
2023-07-30 15:39:09;3.96;234.00
2023-07-30 15:40:08;3.96;234.00
2023-07-30 15:41:07;3.96;234.00
2023-07-30 15:42:07;3.96;234.00
2023-07-30 15:43:06;3.96;234.00
2023-07-30 15:44:05;3.96;235.00
2023-07-30 15:45:09;3.96;234.00
2023-07-30 15:46:08;3.96;234.00
2023-07-30 15:47:08;3.96;234.00
2023-07-30 15:48:07;3.96;234.00
2023-07-30 15:49:06;3.96;234.00
2023-07-30 15:50:06;3.96;234.00
2023-07-30 15:51:05;3.96;234.00
2023-07-30 15:52:09;3.96;233.00
2023-07-30 15:53:08;3.96;234.00
2023-07-30 15:54:07;3.96;234.00
2023-07-30 15:55:07;3.96;234.00
2023-07-30 15:56:06;3.96;234.00
2023-07-30 15:57:05;3.96;234.00
2023-07-30 15:58:09;3.96;234.00
2023-07-30 15:59:09;3.96;234.00
2023-07-30 16:00:08;3.96;234.00
2023-07-30 16:01:07;3.96;234.00
2023-07-30 16:02:06;3.96;234.00
2023-07-30 16:03:06;3.96;233.00
2023-07-30 16:04:05;3.96;234.00
2023-07-30 16:05:09;3.96;234.00
2023-07-30 16:06:08;3.97;234.00
2023-07-30 16:07:07;3.97;235.00
2023-07-30 16:08:07;3.96;234.00
2023-07-30 16:09:06;3.96;233.00
2023-07-30 16:10:05;3.96;234.00
2023-07-30 16:11:09;3.96;234.00
2023-07-30 16:12:08;3.96;234.00
2023-07-30 16:13:08;3.96;234.00
2023-07-30 16:14:07;3.96;234.00
2023-07-30 16:15:06;3.97;234.00
2023-07-30 16:16:06;3.96;234.00
2023-07-30 16:17:05;3.96;234.00
2023-07-30 16:18:09;3.97;234.00
2023-07-30 16:19:08;3.96;234.00
2023-07-30 16:20:07;3.96;234.00
2023-07-30 16:21:07;3.97;235.00
2023-07-30 16:22:06;3.96;234.00
2023-07-30 16:23:05;3.96;234.00
2023-07-30 16:24:09;3.96;234.00
2023-07-30 16:25:08;3.96;234.00
2023-07-30 16:26:07;3.96;234.00
2023-07-30 16:27:07;3.96;235.00
2023-07-30 16:28:06;3.96;235.00
2023-07-30 16:29:05;3.96;234.00
2023-07-30 16:30:09;3.95;235.00
2023-07-30 16:31:08;3.96;235.00
2023-07-30 16:32:07;3.96;235.00
2023-07-30 16:33:06;3.96;234.00
2023-07-30 16:34:06;3.96;235.00
2023-07-30 16:35:05;3.96;235.00
2023-07-30 16:36:08;3.96;235.00
2023-07-30 16:37:08;3.96;235.00
2023-07-30 16:38:07;3.96;235.00
2023-07-30 16:39:06;3.96;234.00
2023-07-30 16:40:05;3.96;234.00
2023-07-30 16:41:09;3.96;234.00
2023-07-30 16:42:08;3.96;234.00
2023-07-30 16:43:07;3.96;234.00
2023-07-30 16:44:06;3.96;234.00
2023-07-30 16:45:05;3.96;235.00
2023-07-30 16:46:09;3.96;234.00
2023-07-30 16:47:08;3.96;234.00
2023-07-30 16:48:07;3.96;235.00
2023-07-30 16:49:06;3.96;234.00
2023-07-30 16:50:05;3.96;234.00
2023-07-30 16:51:09;3.96;234.00
2023-07-30 16:52:08;3.95;234.00
2023-07-30 16:53:07;3.96;234.00
2023-07-30 16:54:06;3.96;234.00
2023-07-30 16:55:05;3.96;234.00
2023-07-30 16:56:09;3.96;235.00
2023-07-30 16:57:08;3.95;234.00
2023-07-30 16:58:07;3.96;235.00
2023-07-30 16:59:06;3.96;235.00
2023-07-30 17:00:05;3.96;234.00
2023-07-30 17:01:08;3.96;234.00
2023-07-30 17:02:07;3.96;234.00
2023-07-30 17:03:06;3.96;234.00
2023-07-30 17:04:05;3.96;234.00
2023-07-30 17:05:09;3.96;235.00
2023-07-30 17:06:08;3.96;234.00
2023-07-30 17:07:07;3.96;235.00
2023-07-30 17:08:06;3.96;235.00
2023-07-30 17:09:05;3.96;234.00
2023-07-30 17:10:09;3.96;234.00
2023-07-30 17:11:07;3.96;235.00
2023-07-30 17:12:06;3.96;234.00
2023-07-30 17:13:05;3.96;235.00
2023-07-30 17:14:04;3.96;235.00
2023-07-30 17:15:08;3.95;235.00
2023-07-30 17:16:07;3.96;235.00
2023-07-30 17:17:06;3.96;235.00
2023-07-30 17:18:05;3.95;235.00
2023-07-30 17:19:09;3.96;235.00
2023-07-30 17:20:08;3.96;235.00
2023-07-30 17:21:07;3.95;235.00
2023-07-30 17:22:06;3.95;234.00
2023-07-30 17:23:05;3.95;235.00
2023-07-30 17:24:08;3.95;235.00
2023-07-30 17:25:07;3.95;235.00
2023-07-30 17:26:06;3.95;235.00
2023-07-30 17:27:05;3.95;235.00
2023-07-30 17:28:09;3.95;234.00
2023-07-30 17:29:08;3.96;234.00
2023-07-30 17:30:06;3.95;235.00
2023-07-30 17:31:05;3.95;234.00
2023-07-30 17:32:09;3.95;234.00
2023-07-30 17:33:08;3.95;234.00
2023-07-30 17:34:07;3.95;235.00
2023-07-30 17:35:06;3.95;235.00
2023-07-30 17:36:05;3.95;235.00
2023-07-30 17:37:08;3.95;234.00
2023-07-30 17:38:07;3.95;235.00
2023-07-30 17:39:06;3.95;235.00
2023-07-30 17:40:05;3.95;234.00
2023-07-30 17:41:08;3.95;235.00
2023-07-30 17:42:07;3.95;235.00
2023-07-30 17:43:06;3.95;235.00
2023-07-30 17:44:05;3.95;234.00
2023-07-30 17:45:09;3.95;235.00
2023-07-30 17:46:07;3.95;234.00
2023-07-30 17:47:06;3.95;235.00
2023-07-30 17:48:05;3.95;235.00
2023-07-30 17:49:09;3.95;234.00
2023-07-30 17:50:08;3.95;234.00
2023-07-30 17:51:06;3.95;235.00
2023-07-30 17:52:05;3.95;234.00
2023-07-30 17:53:09;3.95;234.00
2023-07-30 17:54:08;3.95;235.00
2023-07-30 17:55:06;3.95;235.00
2023-07-30 17:56:05;3.95;234.00
2023-07-30 17:57:09;3.95;234.00
2023-07-30 17:58:08;3.95;235.00
2023-07-30 17:59:06;3.95;235.00
2023-07-30 18:00:05;3.95;235.00
2023-07-30 18:01:09;3.95;235.00
2023-07-30 18:02:08;3.95;235.00
2023-07-30 18:03:06;3.95;235.00
2023-07-30 18:04:05;3.95;235.00
2023-07-30 18:05:09;3.95;235.00
2023-07-30 18:06:07;3.95;235.00
2023-07-30 18:07:06;3.95;235.00
2023-07-30 18:08:05;3.95;236.00
2023-07-30 18:09:09;3.95;235.00
2023-07-30 18:10:07;3.95;235.00
2023-07-30 18:11:06;3.95;235.00
2023-07-30 18:12:05;3.95;236.00
2023-07-30 18:13:08;3.95;236.00
2023-07-30 18:14:07;3.95;235.00
2023-07-30 18:15:06;3.95;235.00
2023-07-30 18:16:05;3.95;235.00
2023-07-30 18:17:08;3.95;235.00
2023-07-30 18:18:07;3.95;235.00
2023-07-30 18:19:06;3.95;235.00
2023-07-30 18:20:04;3.95;235.00
2023-07-30 18:21:08;3.95;235.00
2023-07-30 18:22:07;3.95;235.00
2023-07-30 18:23:05;3.95;235.00
2023-07-30 18:24:09;3.95;235.00
2023-07-30 18:25:08;3.95;235.00
2023-07-30 18:26:06;3.95;235.00
2023-07-30 18:27:05;3.95;235.00
2023-07-30 18:28:09;3.95;235.00
2023-07-30 18:29:07;3.95;235.00
2023-07-30 18:30:06;3.95;235.00
2023-07-30 18:31:05;3.95;235.00
2023-07-30 18:32:08;3.95;235.00
2023-07-30 18:33:07;3.95;236.00
2023-07-30 18:34:06;3.95;235.00
2023-07-30 18:35:04;3.95;235.00
2023-07-30 18:36:08;3.95;235.00
2023-07-30 18:37:07;3.95;235.00
2023-07-30 18:38:05;3.95;235.00
2023-07-30 18:39:09;3.95;235.00
2023-07-30 18:40:07;3.95;235.00
2023-07-30 18:41:06;3.95;235.00
2023-07-30 18:42:05;3.95;235.00
2023-07-30 18:43:08;3.95;235.00
2023-07-30 18:44:07;3.95;235.00
2023-07-30 18:45:06;3.95;235.00
2023-07-30 18:46:05;3.95;235.00
2023-07-30 18:47:08;3.95;235.00
2023-07-30 18:48:07;3.95;235.00
2023-07-30 18:49:05;3.95;235.00
2023-07-30 18:50:09;3.95;235.00
2023-07-30 18:51:07;3.95;235.00
2023-07-30 18:52:06;3.95;235.00
2023-07-30 18:53:05;3.95;235.00
2023-07-30 18:54:08;3.95;235.00
2023-07-30 18:55:07;3.94;235.00
2023-07-30 18:56:06;3.95;235.00
2023-07-30 18:57:04;3.95;235.00
2023-07-30 18:58:08;3.95;235.00
2023-07-30 18:59:07;3.95;235.00
2023-07-30 19:00:05;3.95;235.00
2023-07-30 19:01:09;3.95;235.00
2023-07-30 19:02:07;3.94;235.00
2023-07-30 19:03:06;3.94;235.00
2023-07-30 19:04:05;3.95;235.00
2023-07-30 19:05:08;3.94;235.00
2023-07-30 19:06:07;3.94;235.00
2023-07-30 19:07:06;3.95;235.00
2023-07-30 19:08:04;3.94;235.00
2023-07-30 19:09:08;3.94;235.00
2023-07-30 19:10:06;3.94;235.00
2023-07-30 19:11:05;3.95;235.00
2023-07-30 19:12:08;3.94;235.00
2023-07-30 19:13:07;3.95;235.00
2023-07-30 19:14:06;3.94;235.00
2023-07-30 19:15:05;3.95;235.00
2023-07-30 19:16:08;3.95;235.00
2023-07-30 19:17:07;3.94;235.00
2023-07-30 19:18:05;3.94;236.00
2023-07-30 19:19:09;3.94;235.00
2023-07-30 19:20:07;3.94;235.00
2023-07-30 19:21:06;3.94;235.00
2023-07-30 19:22:05;3.94;235.00
2023-07-30 19:23:08;3.94;235.00
2023-07-30 19:24:07;3.93;235.00
2023-07-30 19:25:06;3.94;235.00
2023-07-30 19:26:04;3.94;235.00
2023-07-30 19:27:08;3.94;235.00
2023-07-30 19:28:06;3.94;235.00
2023-07-30 19:29:05;3.94;235.00
2023-07-30 19:30:08;3.94;235.00
2023-07-30 19:31:07;3.94;235.00
2023-07-30 19:32:06;3.94;236.00
2023-07-30 19:33:04;3.94;235.00
2023-07-30 19:34:08;3.94;235.00
2023-07-30 19:35:07;3.95;235.00
2023-07-30 19:36:05;3.93;235.00
2023-07-30 19:37:09;3.94;235.00
2023-07-30 19:38:07;3.94;235.00
2023-07-30 19:39:06;3.93;235.00
2023-07-30 19:40:05;3.94;235.00
2023-07-30 19:41:08;3.94;235.00
2023-07-30 19:42:07;3.94;235.00
2023-07-30 19:43:05;3.94;235.00
2023-07-30 19:44:04;3.93;235.00
2023-07-30 19:45:08;3.94;235.00
2023-07-30 19:46:06;3.94;235.00
2023-07-30 19:47:05;3.94;235.00
2023-07-30 19:48:08;3.94;235.00
2023-07-30 19:49:07;3.94;235.00
2023-07-30 19:50:06;3.94;235.00
2023-07-30 19:51:04;3.94;235.00
2023-07-30 19:52:08;3.94;235.00
2023-07-30 19:53:06;3.94;235.00
2023-07-30 19:54:05;3.94;235.00
2023-07-30 19:55:08;3.94;235.00
2023-07-30 19:56:07;3.94;235.00
2023-07-30 19:57:06;3.94;235.00
2023-07-30 19:58:04;3.94;236.00
2023-07-30 19:59:08;3.94;235.00
2023-07-30 20:00:07;3.94;236.00
2023-07-30 20:01:05;3.94;236.00
2023-07-30 20:02:09;3.94;236.00
2023-07-30 20:03:07;3.94;236.00
2023-07-30 20:04:06;3.94;235.00
2023-07-30 20:05:05;3.94;235.00
2023-07-30 20:06:08;3.94;235.00
2023-07-30 20:07:07;3.94;235.00
2023-07-30 20:08:05;3.94;236.00
2023-07-30 20:09:09;3.94;236.00
2023-07-30 20:10:07;3.94;236.00
2023-07-30 20:11:06;3.94;236.00
2023-07-30 20:12:05;3.94;236.00
2023-07-30 20:13:08;3.94;236.00
2023-07-30 20:14:07;3.94;236.00
2023-07-30 20:15:05;3.94;236.00
2023-07-30 20:16:04;3.94;236.00
2023-07-30 20:17:07;3.94;236.00
2023-07-30 20:18:06;3.94;236.00
2023-07-30 20:19:05;3.94;236.00
2023-07-30 20:20:08;3.94;236.00
2023-07-30 20:21:07;3.94;236.00
2023-07-30 20:22:05;3.94;237.00
2023-07-30 20:23:04;3.94;237.00
2023-07-30 20:24:07;3.94;237.00
2023-07-30 20:25:06;3.94;237.00
2023-07-30 20:26:05;3.94;237.00
2023-07-30 20:27:08;3.94;237.00
2023-07-30 20:28:07;3.94;237.00
2023-07-30 20:29:05;3.94;237.00
2023-07-30 20:30:04;3.94;237.00
2023-07-30 20:31:07;3.94;237.00
2023-07-30 20:32:06;3.94;237.00
2023-07-30 20:33:05;3.94;236.00
2023-07-30 20:34:08;3.94;236.00
2023-07-30 20:35:07;3.94;236.00
2023-07-30 20:36:05;3.94;236.00
2023-07-30 20:37:09;3.94;236.00
2023-07-30 20:38:07;3.94;236.00
2023-07-30 20:39:06;3.94;236.00
2023-07-30 20:40:05;3.94;236.00
2023-07-30 20:41:08;3.94;236.00
2023-07-30 20:42:07;3.94;236.00
2023-07-30 20:43:05;3.94;236.00
2023-07-30 20:44:09;3.94;236.00
2023-07-30 20:45:07;3.94;236.00
2023-07-30 20:46:06;3.94;236.00
2023-07-30 20:47:05;3.94;236.00
2023-07-30 20:48:08;3.94;236.00
2023-07-30 20:49:06;3.94;236.00
2023-07-30 20:50:05;3.94;236.00
2023-07-30 20:51:08;3.94;236.00
2023-07-30 20:52:07;3.94;236.00
2023-07-30 20:53:06;3.94;236.00
2023-07-30 20:54:04;3.94;236.00
2023-07-30 20:55:08;3.93;236.00
2023-07-30 20:56:06;3.94;236.00
2023-07-30 20:57:05;3.94;236.00
2023-07-30 20:58:08;3.94;236.00
2023-07-30 20:59:07;3.93;236.00
2023-07-30 21:00:06;3.94;236.00
2023-07-30 21:01:04;3.93;236.00
2023-07-30 21:02:08;3.93;236.00
2023-07-30 21:03:06;3.94;236.00
2023-07-30 21:04:05;3.94;235.00
2023-07-30 21:05:08;3.94;236.00
2023-07-30 21:06:07;3.93;236.00
2023-07-30 21:07:06;3.94;236.00
2023-07-30 21:08:04;3.94;236.00
2023-07-30 21:09:08;3.94;236.00
2023-07-30 21:10:06;3.94;236.00
2023-07-30 21:11:05;3.94;236.00
2023-07-30 21:12:08;3.94;236.00
2023-07-30 21:13:07;3.94;236.00
2023-07-30 21:14:05;3.93;236.00
2023-07-30 21:15:04;3.94;236.00
2023-07-30 21:16:07;3.94;236.00
2023-07-30 21:17:06;3.93;236.00
2023-07-30 21:18:05;3.93;236.00
2023-07-30 21:19:08;3.93;236.00
2023-07-30 21:20:07;3.93;236.00
2023-07-30 21:21:05;3.93;236.00
2023-07-30 21:22:09;3.93;236.00
2023-07-30 21:23:07;3.94;236.00
2023-07-30 21:24:06;3.93;236.00
2023-07-30 21:25:04;3.93;236.00
2023-07-30 21:26:08;3.93;236.00
2023-07-30 21:27:06;3.93;236.00
2023-07-30 21:28:05;3.93;235.00
2023-07-30 21:29:08;3.93;236.00
2023-07-30 21:30:07;3.93;236.00
2023-07-30 21:31:06;3.93;236.00
2023-07-30 21:32:04;3.93;236.00
2023-07-30 21:33:08;3.94;236.00
2023-07-30 21:34:06;3.94;236.00
2023-07-30 21:35:05;3.93;236.00
2023-07-30 21:36:08;3.93;236.00
2023-07-30 21:37:07;3.93;236.00
2023-07-30 21:38:05;3.93;236.00
2023-07-30 21:39:09;3.93;236.00
2023-07-30 21:40:07;3.93;236.00
2023-07-30 21:41:06;3.93;236.00
2023-07-30 21:42:05;3.93;235.00
2023-07-30 21:43:08;3.93;236.00
2023-07-30 21:44:06;3.93;236.00
2023-07-30 21:45:05;3.93;236.00
2023-07-30 21:46:08;3.93;236.00
2023-07-30 21:47:07;3.93;236.00
2023-07-30 21:48:06;3.93;236.00
2023-07-30 21:49:04;3.93;236.00
2023-07-30 21:50:08;3.93;236.00
2023-07-30 21:51:06;3.93;236.00
2023-07-30 21:52:05;3.93;236.00
2023-07-30 21:53:08;3.93;236.00
2023-07-30 21:54:07;3.93;236.00
2023-07-30 21:55:05;3.93;236.00
2023-07-30 21:56:09;3.93;236.00
2023-07-30 21:57:07;3.93;236.00
2023-07-30 21:58:06;3.93;236.00
2023-07-30 21:59:05;3.93;236.00
2023-07-30 22:00:08;3.93;236.00
2023-07-30 22:01:06;3.93;236.00
2023-07-30 22:02:05;3.93;236.00
2023-07-30 22:03:08;3.93;236.00
2023-07-30 22:04:07;3.93;236.00
2023-07-30 22:05:06;3.93;236.00
2023-07-30 22:06:04;3.93;236.00
2023-07-30 22:07:08;3.93;236.00
2023-07-30 22:08:06;3.93;236.00
2023-07-30 22:09:05;3.93;236.00
2023-07-30 22:10:08;3.93;236.00
2023-07-30 22:11:07;3.93;236.00
2023-07-30 22:12:05;3.93;236.00
2023-07-30 22:13:09;3.93;236.00
2023-07-30 22:14:07;3.93;236.00
2023-07-30 22:15:06;3.93;236.00
2023-07-30 22:16:04;3.93;236.00
2023-07-30 22:17:08;3.93;236.00
2023-07-30 22:18:06;3.93;236.00
2023-07-30 22:19:05;3.93;235.00
2023-07-30 22:20:08;3.93;236.00
2023-07-30 22:21:07;3.93;236.00
2023-07-30 22:22:05;3.93;236.00
2023-07-30 22:23:04;3.93;236.00
2023-07-30 22:24:07;3.93;236.00
2023-07-30 22:25:06;3.93;236.00
2023-07-30 22:26:05;3.93;235.00
2023-07-30 22:27:08;3.93;236.00
2023-07-30 22:28:07;3.93;236.00
2023-07-30 22:29:05;3.93;235.00
2023-07-30 22:30:08;3.93;235.00
2023-07-30 22:31:07;3.93;235.00
2023-07-30 22:32:06;3.93;236.00
2023-07-30 22:33:04;3.93;235.00
2023-07-30 22:34:08;3.93;236.00
2023-07-30 22:35:06;3.93;235.00
2023-07-30 22:36:05;3.93;235.00
2023-07-30 22:37:08;3.93;236.00
2023-07-30 22:38:07;3.93;236.00
2023-07-30 22:39:05;3.93;236.00
2023-07-30 22:40:09;3.93;236.00
2023-07-30 22:41:07;3.93;236.00
2023-07-30 22:42:06;3.93;236.00
2023-07-30 22:43:05;3.93;236.00
2023-07-30 22:44:08;3.93;236.00
2023-07-30 22:45:06;3.93;235.00
2023-07-30 22:46:05;3.93;235.00
2023-07-30 22:47:08;3.93;235.00
2023-07-30 22:48:07;3.93;236.00
2023-07-30 22:49:06;3.93;235.00
2023-07-30 22:50:04;3.93;235.00
2023-07-30 22:51:08;3.93;235.00
2023-07-30 22:52:06;3.93;235.00
2023-07-30 22:53:05;3.93;235.00
2023-07-30 22:54:08;3.93;236.00
2023-07-30 22:55:07;3.93;236.00
2023-07-30 22:56:05;3.93;235.00
2023-07-30 22:57:09;3.93;236.00
2023-07-30 22:58:07;3.93;236.00
2023-07-30 22:59:06;3.93;236.00
2023-07-30 23:00:05;3.93;235.00
2023-07-30 23:01:08;3.93;236.00
2023-07-30 23:02:07;3.93;236.00
2023-07-30 23:03:05;3.93;236.00
2023-07-30 23:04:08;3.93;236.00
2023-07-30 23:05:07;3.92;236.00
2023-07-30 23:06:06;3.92;235.00
2023-07-30 23:07:04;3.93;235.00
2023-07-30 23:08:08;3.93;236.00
2023-07-30 23:09:06;3.93;236.00
2023-07-30 23:10:05;3.93;236.00
2023-07-30 23:11:08;3.93;235.00
2023-07-30 23:12:07;3.93;236.00
2023-07-30 23:13:05;3.93;236.00
2023-07-30 23:14:04;3.92;236.00
2023-07-30 23:15:07;3.93;236.00
2023-07-30 23:16:06;3.93;236.00
2023-07-30 23:17:05;3.93;236.00
2023-07-30 23:18:08;3.92;236.00
2023-07-30 23:19:07;3.93;236.00
2023-07-30 23:20:05;3.93;236.00
2023-07-30 23:21:09;3.93;236.00
2023-07-30 23:22:07;3.93;236.00
2023-07-30 23:23:06;3.92;236.00
2023-07-30 23:24:04;3.92;236.00
2023-07-30 23:25:08;3.93;236.00
2023-07-30 23:26:06;3.92;236.00
2023-07-30 23:27:05;3.92;236.00
2023-07-30 23:28:08;3.93;236.00
2023-07-30 23:29:07;3.92;236.00
2023-07-30 23:30:05;3.93;236.00
2023-07-30 23:31:04;3.92;236.00
2023-07-30 23:32:07;3.93;236.00
2023-07-30 23:33:06;3.93;236.00
2023-07-30 23:34:05;3.92;236.00
2023-07-30 23:35:08;3.93;236.00
2023-07-30 23:36:07;3.92;236.00
2023-07-30 23:37:05;3.92;236.00
2023-07-30 23:38:08;3.92;236.00
2023-07-30 23:39:07;3.92;236.00
2023-07-30 23:40:06;3.93;236.00
2023-07-30 23:41:04;3.92;236.00
2023-07-30 23:42:08;3.93;236.00
2023-07-30 23:43:06;3.92;236.00
2023-07-30 23:44:05;3.92;236.00
2023-07-30 23:45:08;3.93;235.00
2023-07-30 23:46:07;3.93;236.00
2023-07-30 23:47:05;3.92;236.00
2023-07-30 23:48:09;3.92;236.00
2023-07-30 23:49:07;3.92;236.00
2023-07-30 23:50:06;3.92;236.00
2023-07-30 23:51:04;3.92;236.00
2023-07-30 23:52:08;3.92;236.00
2023-07-30 23:53:06;3.92;236.00
2023-07-30 23:54:05;3.92;236.00
2023-07-30 23:55:08;3.92;236.00
2023-07-30 23:56:07;3.93;236.00
2023-07-30 23:57:05;3.92;236.00
2023-07-30 23:58:09;3.92;236.00
2023-07-30 23:59:07;3.92;236.00
